-- phpMyAdmin SQL Dump
-- version 3.4.7.1
-- http://www.phpmyadmin.net
--
-- Servidor: localhost
-- Tiempo de generación: 18-11-2011 a las 13:24:14
-- Versión del servidor: 5.1.59
-- Versión de PHP: 5.2.9

SET SQL_MODE="NO_AUTO_VALUE_ON_ZERO";
SET time_zone = "+00:00";


/*!40101 SET @OLD_CHARACTER_SET_CLIENT=@@CHARACTER_SET_CLIENT */;
/*!40101 SET @OLD_CHARACTER_SET_RESULTS=@@CHARACTER_SET_RESULTS */;
/*!40101 SET @OLD_COLLATION_CONNECTION=@@COLLATION_CONNECTION */;
/*!40101 SET NAMES utf8 */;

--
-- Base de datos: `selecci1_dev`
--

-- --------------------------------------------------------

--
-- Estructura de tabla para la tabla `activities`
--

DROP TABLE IF EXISTS `activities`;
CREATE TABLE IF NOT EXISTS `activities` (
  `id` int(11) NOT NULL AUTO_INCREMENT,
  `user` varchar(100) DEFAULT NULL,
  `created` datetime DEFAULT NULL,
  `description` text NOT NULL,
  PRIMARY KEY (`id`)
) ENGINE=MyISAM  DEFAULT CHARSET=latin1 AUTO_INCREMENT=446 ;

--
-- Volcado de datos para la tabla `activities`
--

INSERT INTO `activities` (`id`, `user`, `created`, `description`) VALUES
(1, 'Administrador', '2011-07-14 08:44:30', 'Se registro un nuevo cliente: <br> Cliente: Seleccion 2.0 de SeleccionWeb<br>Cuenta:luisninni@hotmail.com'),
(2, 'Luis Ninni', '2011-07-14 08:56:30', 'El usuario modifico su informacion'),
(3, 'Luis Ninni', '2011-07-14 10:06:23', 'Ha creado la video seleccion Administrativo'),
(4, 'Luis Ninni', '2011-07-14 10:10:05', 'Se ha enviado la seleccion Administrativoa 2 los postulantes sonluisninni@hotmail.com,'),
(5, 'Luis Ninni', '2011-07-18 09:13:32', 'Ha creado la video seleccion Administrativo 2'),
(6, 'Luis Ninni', '2011-07-18 09:13:55', 'Se ha enviado la seleccion Administrativo 2a 2 los postulantes sonluisninni@hotmail.com,'),
(7, NULL, '2011-07-18 09:18:47', 'Se registor el postulante  Luis Ninni'),
(8, NULL, '2011-07-18 09:19:15', 'El postulante 1realizo una entrevista'),
(9, NULL, '2011-07-18 09:19:37', 'El postulante 1realizo una entrevista'),
(10, NULL, '2011-07-18 09:19:37', 'Se ha realizado un aentrevista en la seleccion Administrativo 2, y se ha descontado un credito del usuario Luis Ninni'),
(11, 'Luis Ninni', '2011-07-18 09:29:49', 'Reviso la entrevista del postulante nro 1'),
(12, 'Administrador', '2011-07-18 20:44:53', 'Reviso la entrevista del postulante nro 1'),
(13, 'Administrador', '2011-07-19 12:06:28', 'Reviso la entrevista del postulante nro 1'),
(14, 'Administrador', '2011-07-19 12:08:59', 'El usuario modifico su informacion'),
(15, 'Luis Ninni', '2011-07-19 12:10:22', 'Reviso la entrevista del postulante nro 1'),
(16, 'Administrador', '2011-07-19 14:27:27', 'Se puso en activo al postulante Nro: 1'),
(17, 'Administrador', '2011-07-19 14:27:27', 'Se puso en activo al postulante Nro: 1'),
(18, 'Administrador', '2011-07-19 14:27:27', 'Se puso en activo al postulante Nro: 1'),
(19, 'Administrador', '2011-07-19 14:27:28', 'Se puso en activo al postulante Nro: 1'),
(20, 'Administrador', '2011-07-19 14:27:29', 'Se puso en activo al postulante Nro: 1'),
(21, 'Administrador', '2011-07-19 14:27:30', 'Se puso en activo al postulante Nro: 1'),
(22, 'Luis Ninni', '2011-07-19 14:48:14', 'Reviso la entrevista del postulante nro 1'),
(23, NULL, '2011-07-20 15:37:18', 'Se registro un nuevo cliente: <br> Cliente: zczc<br>Cuenta:owen@gmail.com'),
(24, NULL, '2011-07-20 16:44:15', 'Se registro un nuevo cliente: <br> Cliente: vcxvcxvc<br>Cuenta:owen@gmail.com'),
(25, NULL, '2011-07-20 16:48:07', 'Se registro un nuevo cliente: <br> Cliente: vxcvxcvxv<br>Cuenta:owen@gmail.com'),
(26, NULL, '2011-07-20 16:54:31', 'Se registro un nuevo cliente: <br> Cliente: xcvxvx<br>Cuenta:owen@gmail.com'),
(27, 'Luis Ninni', '2011-07-20 17:36:34', 'Ha creado la video seleccion Administrativo 3'),
(28, 'Administrador', '2011-07-20 19:19:22', 'Reviso la entrevista del postulante nro 1'),
(29, 'Administrador', '2011-07-21 12:13:45', 'Reviso la entrevista del postulante nro 1'),
(30, 'Administrador', '2011-07-21 12:14:39', 'Se puso en activo al postulante Nro: 1'),
(31, 'Administrador', '2011-07-21 12:14:39', 'Se puso en activo al postulante Nro: 1'),
(32, 'Administrador', '2011-07-21 14:15:09', 'Reviso la entrevista del postulante nro 1'),
(33, 'Administrador', '2011-07-21 14:15:53', 'Se puso en activo al postulante Nro: 1'),
(34, 'Administrador', '2011-07-21 14:15:54', 'Se puso en activo al postulante Nro: 1'),
(35, 'Luis Ninni', '2011-07-22 09:42:05', 'Ha creado la video seleccion Adm RRHH'),
(36, 'Luis Ninni', '2011-07-22 13:37:10', 'Ha creado la video seleccion Adm de RRHH'),
(37, 'Luis Ninni', '2011-07-22 13:38:46', 'Se ha enviado la seleccion Adm de RRHHa 2 los postulantes sonluisninni@hotmail.com,'),
(38, 'Luis Ninni', '2011-07-22 13:43:07', 'Se registor el postulante  Luis  Ninni'),
(39, 'Luis Ninni', '2011-07-22 13:58:40', 'Reviso la entrevista del postulante nro 2'),
(40, 'Luis Ninni', '2011-07-22 14:00:11', 'Ha creado la video seleccion Adm RRHH'),
(41, 'Luis Ninni', '2011-07-22 14:00:47', 'Se ha enviado la seleccion Adm RRHHa 2 los postulantes sonluisninni@hotmail.com,'),
(42, 'Luis Ninni', '2011-07-22 14:04:16', 'Se registor el postulante  Luis Ninni 2'),
(43, 'Luis Ninni', '2011-07-22 14:05:20', 'El postulante 3realizo una entrevista'),
(44, 'Luis Ninni', '2011-07-22 14:06:31', 'El postulante 3realizo una entrevista'),
(45, 'Luis Ninni', '2011-07-22 14:06:32', 'Se ha realizado un aentrevista en la seleccion Adm RRHH, y se ha descontado un credito del usuario Luis Ninni'),
(46, 'Luis Ninni', '2011-07-22 14:07:53', 'Reviso la entrevista del postulante nro 3'),
(47, 'Luis Ninni', '2011-07-23 10:59:06', 'Ha creado la video seleccion Admin Contable'),
(48, 'Luis Ninni', '2011-07-23 11:01:42', 'Ha creado la video seleccion Adm contable'),
(49, 'Luis Ninni', '2011-07-23 11:02:29', 'Se ha enviado la seleccion Adm contablea 2 los postulantes sonluisninni@hotmail.com,'),
(50, NULL, '2011-07-25 09:54:22', 'Se registro un nuevo cliente: <br> Cliente: Monica<br>Cuenta:tierna_monic@hotmail.com'),
(51, NULL, '2011-07-25 10:04:11', 'El cliente tierna_monic@hotmail.coma confirmado su registro'),
(52, NULL, '2011-07-25 13:09:34', 'Se registro un nuevo cliente: <br> Cliente: edwar<br>Cuenta:edwarperezg@gmail.com'),
(53, NULL, '2011-07-25 13:17:41', 'El cliente edwarperezg@gmail.coma confirmado su registro'),
(54, NULL, '2011-07-25 13:29:25', 'Se registro un nuevo cliente: <br> Cliente: Isabel<br>Cuenta:tierna_monic@hotmail.com'),
(55, NULL, '2011-07-25 14:55:55', 'El cliente tierna_monic@hotmail.coma confirmado su registro'),
(56, 'Monica', '2011-07-25 15:03:32', 'El usuario modifico su informacion'),
(57, 'Monica', '2011-07-25 15:03:53', 'El usuario modifico su informacion'),
(58, NULL, '2011-07-25 15:13:42', 'Se registro un nuevo cliente: <br> Cliente: Claudia<br>Cuenta:tierna_monic@hotmail.com'),
(59, NULL, '2011-07-25 15:15:24', 'El cliente tierna_monic@hotmail.coma confirmado su registro'),
(60, 'Claudia', '2011-07-25 15:23:07', 'El usuario modifico su informacion'),
(61, NULL, '2011-07-25 16:20:27', 'Se registro un nuevo cliente: <br> Cliente: 44<br>Cuenta:claisaveri@gmail.com'),
(62, NULL, '2011-07-25 16:33:42', 'El cliente claisaveri@gmail.coma confirmado su registro'),
(63, NULL, '2011-07-25 21:40:11', 'Se registro un nuevo cliente: <br> Cliente: Luis<br>Cuenta:luisninni@gmail.com'),
(64, NULL, '2011-07-25 21:47:05', 'El cliente luisninni@gmail.coma confirmado su registro'),
(65, 'Administrador', '2011-07-25 21:48:03', 'El usuario modifico su informacion'),
(66, 'monica', '2011-07-26 07:14:17', 'El usuario modifico su informacion'),
(67, 'monica', '2011-07-26 07:25:29', 'El usuario modifico su informacion'),
(68, 'Administrador', '2011-07-26 17:20:43', 'Se puso en activo al postulante Nro: 1'),
(69, 'Administrador', '2011-07-26 17:20:44', 'Se puso en activo al postulante Nro: 1'),
(70, 'Administrador', '2011-07-26 17:20:44', 'Se puso en activo al postulante Nro: 1'),
(71, 'Administrador', '2011-07-26 17:20:47', 'Se puso en activo al postulante Nro: 1'),
(72, 'Administrador', '2011-07-26 17:20:48', 'Se puso en activo al postulante Nro: 1'),
(73, 'Administrador', '2011-07-26 17:20:49', 'Se puso en activo al postulante Nro: 2'),
(74, 'Administrador', '2011-07-26 17:20:50', 'Se puso en activo al postulante Nro: 2'),
(75, 'Administrador', '2011-07-26 17:20:50', 'Se puso en activo al postulante Nro: 2'),
(76, 'Administrador', '2011-07-26 17:20:51', 'Se puso en activo al postulante Nro: 2'),
(77, 'Administrador', '2011-07-26 17:20:51', 'Se puso en activo al postulante Nro: 2'),
(78, 'Administrador', '2011-07-26 17:20:52', 'Se puso en activo al postulante Nro: 3'),
(79, 'Administrador', '2011-07-26 17:20:52', 'Se puso en activo al postulante Nro: 2'),
(80, 'Administrador', '2011-07-26 17:20:52', 'Se puso en activo al postulante Nro: 2'),
(81, 'Administrador', '2011-07-26 17:20:53', 'Se puso en activo al postulante Nro: 2'),
(82, 'Administrador', '2011-07-26 17:20:53', 'Se puso en activo al postulante Nro: 2'),
(83, 'Administrador', '2011-07-26 17:21:52', 'Se puso en activo al postulante Nro: 1'),
(84, 'Administrador', '2011-07-26 17:21:52', 'Se puso en activo al postulante Nro: 1'),
(85, 'Administrador', '2011-07-26 17:21:53', 'Se puso en activo al postulante Nro: 1'),
(86, 'Administrador', '2011-07-26 17:21:53', 'Se puso en activo al postulante Nro: 1'),
(87, 'Administrador', '2011-07-26 17:21:54', 'Se puso en activo al postulante Nro: 1'),
(88, 'Administrador', '2011-07-26 17:21:55', 'Se puso en activo al postulante Nro: 2'),
(89, 'Administrador', '2011-07-26 17:21:56', 'Se puso en activo al postulante Nro: 2'),
(90, 'Administrador', '2011-07-26 17:21:56', 'Se puso en activo al postulante Nro: 2'),
(91, 'Administrador', '2011-07-26 17:21:58', 'Se puso en activo al postulante Nro: 3'),
(92, 'Administrador', '2011-07-26 17:21:59', 'Se puso en activo al postulante Nro: 3'),
(93, 'Administrador', '2011-07-26 17:22:00', 'Se puso en activo al postulante Nro: 3'),
(94, NULL, '2011-07-26 17:28:59', 'Se registro un nuevo cliente: <br> Cliente: owen<br>Cuenta:owenperedo@gmail.com'),
(95, NULL, '2011-07-26 17:31:12', 'El cliente owenperedo@gmail.coma confirmado su registro'),
(96, NULL, '2011-07-26 17:40:55', 'Se registro un nuevo cliente: <br> Cliente: edwar<br>Cuenta:edwarperezg@gmail.com'),
(97, NULL, '2011-07-26 17:41:20', 'El cliente edwarperezg@gmail.coma confirmado su registro'),
(98, NULL, '2011-07-26 17:43:35', 'Se registro un nuevo cliente: <br> Cliente: edwar<br>Cuenta:edwarperezg@gmail.com'),
(99, NULL, '2011-07-26 17:44:43', 'El cliente edwarperezg@gmail.coma confirmado su registro'),
(100, NULL, '2011-07-26 17:51:18', 'Se registro un nuevo cliente: <br> Cliente: edwar<br>Cuenta:edwarperezg@gmail.com'),
(101, NULL, '2011-07-26 17:52:54', 'El cliente edwarperezg@gmail.coma confirmado su registro'),
(102, 'owen', '2011-07-27 07:40:04', 'Ha creado la video seleccion Seleccion A'),
(103, 'owen', '2011-07-27 07:42:50', 'Ha creado la video seleccion video'),
(104, 'Luis Ninni', '2011-07-27 08:17:10', 'Ha creado la video seleccion Admin Contable'),
(105, 'Luis Ninni', '2011-07-27 08:17:38', 'Se ha enviado la seleccion Admin Contablea 2 los postulantes sonluisninni@hotmail.com,'),
(106, 'Luis Ninni', '2011-07-27 08:22:23', 'Se registor el postulante  Marco antonio Guilligan'),
(107, 'Luis Ninni', '2011-07-27 08:23:09', 'El postulante 4realizo una entrevista'),
(108, 'Luis Ninni', '2011-07-27 08:23:23', 'El postulante 4realizo una entrevista'),
(109, 'Luis Ninni', '2011-07-27 08:23:24', 'Se ha realizado un aentrevista en la seleccion Admin Contable, y se ha descontado un credito del usuario Luis Ninni'),
(110, 'Administrador', '2011-07-27 13:55:39', 'Reviso la entrevista del postulante nro 4'),
(111, NULL, '2011-07-27 14:17:37', 'Se registro un nuevo cliente: <br> Cliente: GONZALO EUGENIO<br>Cuenta:goneugenio@yahoo.com.ar'),
(112, NULL, '2011-07-27 14:22:05', 'El cliente goneugenio@yahoo.com.ara confirmado su registro'),
(113, 'GONZALO EUGENIO', '2011-07-27 14:24:04', 'El usuario modifico su informacion'),
(114, 'Luis Ninni', '2011-07-27 14:54:20', 'Ha creado la video seleccion Administrativo 4'),
(115, 'Luis Ninni', '2011-07-27 14:54:42', 'Se ha enviado la seleccion Administrativo 4a 2 los postulantes sonluisninni@hotmail.com,'),
(116, NULL, '2011-07-27 15:12:18', 'Se registor el postulante  luis locutorio'),
(117, 'Administrador', '2011-07-27 17:34:34', 'Reviso la entrevista del postulante nro 5'),
(118, NULL, '2011-07-27 21:02:07', 'Se registor el postulante  Jose Antonio Perez'),
(119, NULL, '2011-07-27 21:03:01', 'El postulante 6realizo una entrevista'),
(120, NULL, '2011-07-27 21:03:54', 'El postulante 6realizo una entrevista'),
(121, NULL, '2011-07-27 21:03:55', 'Se ha realizado un aentrevista en la seleccion Administrativo 4, y se ha descontado un credito del usuario Luis Ninni'),
(122, 'Luis Ninni', '2011-07-27 21:04:50', 'Reviso la entrevista del postulante nro 5'),
(123, 'Luis Ninni', '2011-07-27 21:05:18', 'Reviso la entrevista del postulante nro 6'),
(124, NULL, '2011-07-28 10:28:52', 'Se registro un nuevo cliente: <br> Cliente: edwar<br>Cuenta:edwarperezg@gmail.com'),
(125, NULL, '2011-07-28 10:42:03', 'Se registro un nuevo cliente: <br> Cliente: edwar<br>Cuenta:edwarperezg@gmail.com'),
(126, NULL, '2011-07-28 10:44:31', 'Se registro un nuevo cliente: <br> Cliente: edwar<br>Cuenta:edwarperezg@gmail.com'),
(127, NULL, '2011-07-28 12:42:06', 'Se registro un nuevo cliente: <br> Cliente: edwar<br>Cuenta:edwarperezg@gmail.com'),
(128, NULL, '2011-07-28 12:47:12', 'Se registro un nuevo cliente: <br> Cliente: edwar<br>Cuenta:edwarperezg@gmail.com'),
(129, NULL, '2011-07-28 12:50:10', 'El cliente edwarperezg@gmail.coma confirmado su registro'),
(130, NULL, '2011-07-28 12:52:58', 'Se registro un nuevo cliente: <br> Cliente: edwar<br>Cuenta:edwarperezg@gmail.com'),
(131, NULL, '2011-07-28 12:54:46', 'Se registro un nuevo cliente: <br> Cliente: edwar<br>Cuenta:edwarperezg@gmail.com'),
(132, NULL, '2011-07-28 14:06:07', 'Se registro un nuevo cliente: <br> Cliente: edwar<br>Cuenta:edwarperezg@gmail.com'),
(133, NULL, '2011-07-28 14:10:42', 'Se registro un nuevo cliente: <br> Cliente: edwar<br>Cuenta:edwarperezg@gmail.com'),
(134, NULL, '2011-07-28 14:28:30', 'El cliente edwarperezg@gmail.coma confirmado su registro'),
(135, NULL, '2011-07-28 14:37:58', 'Se registro un nuevo cliente: <br> Cliente: 24155555<br>Cuenta:edwarperezg@gmail.com'),
(136, NULL, '2011-07-28 14:40:25', 'Se registro un nuevo cliente: <br> Cliente: 11111111<br>Cuenta:edwarperezg@gmail.com'),
(137, NULL, '2011-07-28 14:51:33', 'Se registro un nuevo cliente: <br> Cliente: 254455555<br>Cuenta:edwarperezg@gmail.com'),
(138, NULL, '2011-07-28 15:07:32', 'Se registro un nuevo cliente: <br> Cliente: edwar<br>Cuenta:edwarperezg@gmail.com'),
(139, NULL, '2011-07-28 15:31:58', 'El cliente edwarperezg@gmail.coma confirmado su registro'),
(140, NULL, '2011-07-28 15:35:53', 'Se registro un nuevo cliente: <br> Cliente: edwar<br>Cuenta:edwarperezg@gmail.com'),
(141, NULL, '2011-07-28 15:37:20', 'El cliente edwarperezg@gmail.coma confirmado su registro'),
(142, NULL, '2011-07-28 15:40:58', 'Se registro un nuevo cliente: <br> Cliente: sysdecom<br>Cuenta:edwarperezg@gmail.com'),
(143, NULL, '2011-07-28 15:43:15', 'El cliente edwarperezg@gmail.coma confirmado su registro'),
(144, 'Administrador', '2011-07-28 16:15:17', 'Se registro un nuevo cliente: <br> Cliente: osvaldo perez<br>Cuenta:edwarperezg@gmail.com'),
(145, 'Administrador', '2011-07-28 16:19:02', 'Se registro un nuevo cliente: <br> Cliente: osvaldo perez<br>Cuenta:edwarperezg@gmail.com'),
(146, 'Administrador', '2011-07-29 09:48:01', 'Se registro un nuevo cliente: <br> Cliente: edwar<br>Cuenta:edwarperezg@gmail.com'),
(147, 'Administrador', '2011-07-29 10:04:40', 'Se registro un nuevo cliente: <br> Cliente: edwar<br>Cuenta:edwarperezg@gmail.com'),
(148, 'Administrador', '2011-07-29 10:17:05', 'Se registro un nuevo cliente: <br> Cliente: edwar<br>Cuenta:edwarperezg@gmail.com'),
(149, 'Administrador', '2011-07-29 10:19:45', 'Se registro un nuevo cliente: <br> Cliente: edwar<br>Cuenta:edwarperezg@gmail.com'),
(150, 'Administrador', '2011-07-29 10:27:06', 'Se registro un nuevo cliente: <br> Cliente: sysdecom<br>Cuenta:edwarperezg@gmail.com'),
(151, 'Administrador', '2011-07-29 10:28:38', 'Se registro un nuevo cliente: <br> Cliente: sysdecom<br>Cuenta:edwarperezg@gmail.com'),
(152, 'Administrador', '2011-07-29 13:05:35', 'Se registro un nuevo cliente: <br> Cliente: edwar<br>Cuenta:edwarperezg@gmail.com'),
(153, 'Luis Ninni', '2011-07-29 14:02:22', 'Ha creado la video seleccion Nueva Video'),
(154, 'Luis Ninni', '2011-07-29 14:02:42', 'Se ha enviado la seleccion Nueva Videoa 2 los postulantes sonluisninni@hotmail.com,'),
(155, 'Administrador', '2011-07-29 14:03:28', 'Se registro un nuevo cliente: <br> Cliente: edwar<br>Cuenta:edwarperezg@gmail.com'),
(156, NULL, '2011-07-29 14:05:48', 'Se registor el postulante  Eduardo Ninni'),
(157, NULL, '2011-07-29 14:06:43', 'El postulante 7realizo una entrevista'),
(158, NULL, '2011-07-29 14:07:24', 'El postulante 7realizo una entrevista'),
(159, NULL, '2011-07-29 14:07:24', 'Se ha realizado un aentrevista en la seleccion Nueva Video, y se ha descontado un credito del usuario Luis Ninni'),
(160, 'Administrador', '2011-07-29 14:11:53', 'Se registro un nuevo cliente: <br> Cliente: edwar<br>Cuenta:edwarperezg@gmail.com'),
(161, 'Administrador', '2011-07-29 14:17:07', 'Se registro un nuevo cliente: <br> Cliente: edwar<br>Cuenta:edwarperezg@gmail.com'),
(162, 'Administrador', '2011-07-29 14:19:40', 'Se registro un nuevo cliente: <br> Cliente: edwar<br>Cuenta:edwarperezg@gmail.com'),
(163, 'Luis Ninni', '2011-07-29 14:20:36', 'Reviso la entrevista del postulante nro 7'),
(164, 'Administrador', '2011-07-29 14:22:47', 'Se registro un nuevo cliente: <br> Cliente: edwar<br>Cuenta:edwarperezg@gmail.com'),
(165, 'Administrador', '2011-07-29 14:25:43', 'Se registro un nuevo cliente: <br> Cliente: sysdecom<br>Cuenta:edwarperezg@gmail.com'),
(166, 'edwar', '2011-07-29 14:39:03', 'Ha creado la video seleccion pregunta A'),
(167, 'Luis Ninni', '2011-07-29 14:41:09', 'Reviso la entrevista del postulante nro 7'),
(168, 'Luis Ninni', '2011-07-29 14:41:31', 'Reviso la entrevista del postulante nro 7'),
(169, 'edwar', '2011-07-29 14:42:08', 'Se ha enviado la seleccion pregunta Aa 1 los postulantes sonedwarperezg@gmail.com'),
(170, 'edwar', '2011-07-29 14:49:46', 'Se registor el postulante  edwar perez'),
(171, 'edwar', '2011-07-29 14:50:33', 'El postulante 8realizo una entrevista'),
(172, 'edwar', '2011-07-29 14:50:39', 'El postulante 8realizo una entrevista'),
(173, 'edwar', '2011-07-29 14:50:39', 'Se ha realizado un aentrevista en la seleccion pregunta A, y se ha descontado un credito del usuario edwar'),
(174, 'edwar', '2011-07-29 14:55:47', 'Se ha realizado un aentrevista en la seleccion pregunta A, y se ha descontado un credito del usuario edwar'),
(175, 'edwar', '2011-07-29 14:56:25', 'Se ha realizado un aentrevista en la seleccion pregunta A, y se ha descontado un credito del usuario edwar'),
(176, 'edwar', '2011-07-29 14:57:36', 'Se ha realizado un aentrevista en la seleccion pregunta A, y se ha descontado un credito del usuario edwar'),
(177, 'edwar', '2011-07-29 14:58:24', 'Se ha realizado un aentrevista en la seleccion pregunta A, y se ha descontado un credito del usuario edwar'),
(178, 'edwar', '2011-07-29 15:06:36', 'Se ha realizado un aentrevista en la seleccion pregunta A, y se ha descontado un credito del usuario edwar'),
(179, 'edwar', '2011-07-29 15:07:41', 'Se ha realizado un aentrevista en la seleccion pregunta A, y se ha descontado un credito del usuario edwar'),
(180, 'edwar', '2011-07-29 15:12:08', 'Se ha realizado un aentrevista en la seleccion pregunta A, y se ha descontado un credito del usuario edwar'),
(181, 'edwar', '2011-07-29 15:13:49', 'Se ha realizado un aentrevista en la seleccion pregunta A, y se ha descontado un credito del usuario edwar'),
(182, 'edwar', '2011-07-29 16:46:29', 'Se ha realizado un aentrevista en la seleccion pregunta A, y se ha descontado un credito del usuario edwar'),
(183, 'edwar', '2011-07-29 17:26:56', 'Ha creado la video seleccion seleccion B'),
(184, 'edwar', '2011-07-29 17:33:14', 'Se ha enviado la seleccion seleccion Ba 1 los postulantes sonedwarperezg@gmail.com'),
(185, NULL, '2011-08-01 07:00:25', 'Se registro un nuevo cliente: <br> Cliente: edwar<br>Cuenta:edwarperezg@gmail.com'),
(186, NULL, '2011-08-01 07:15:39', 'El cliente edwarperezg@gmail.coma confirmado su registro'),
(187, NULL, '2011-08-01 07:24:16', 'Se registro un nuevo cliente: <br> Cliente: sysdecom<br>Cuenta:owenperedo@gmail.com'),
(188, NULL, '2011-08-01 07:29:01', 'El cliente owenperedo@gmail.coma confirmado su registro'),
(189, NULL, '2011-08-01 08:52:03', 'Se registro un nuevo cliente: <br> Cliente: edwar<br>Cuenta:edwarperezg@gmail.com'),
(190, NULL, '2011-08-01 08:53:31', 'El cliente edwarperezg@gmail.coma confirmado su registro'),
(191, NULL, '2011-08-01 08:57:01', 'Se registro un nuevo cliente: <br> Cliente: sysdecom<br>Cuenta:owenperedo@gmail.com'),
(192, NULL, '2011-08-01 08:59:49', 'El cliente owenperedo@gmail.coma confirmado su registro'),
(193, NULL, '2011-08-01 09:11:35', 'Se registro un nuevo cliente: <br> Cliente: edwar<br>Cuenta:edwarperezg@gmail.com'),
(194, NULL, '2011-08-01 09:13:21', 'El cliente edwarperezg@gmail.coma confirmado su registro'),
(195, NULL, '2011-08-01 09:24:15', 'Se registro un nuevo cliente: <br> Cliente: sysdecom<br>Cuenta:owenperedo@gmail.com'),
(196, NULL, '2011-08-01 09:32:04', 'El cliente owenperedo@gmail.coma confirmado su registro'),
(197, NULL, '2011-08-01 09:39:30', 'Se registro un nuevo cliente: <br> Cliente: sysdecom<br>Cuenta:owenperedo@gmail.com'),
(198, NULL, '2011-08-01 09:42:02', 'El cliente owenperedo@gmail.coma confirmado su registro'),
(199, NULL, '2011-08-01 09:44:22', 'Se registro un nuevo cliente: <br> Cliente: edwar<br>Cuenta:edwarperezg@gmail.com'),
(200, NULL, '2011-08-01 09:45:29', 'El cliente edwarperezg@gmail.coma confirmado su registro'),
(201, NULL, '2011-08-01 09:51:58', 'Se registro un nuevo cliente: <br> Cliente: edwar<br>Cuenta:edwarperezg@gmail.com'),
(202, NULL, '2011-08-01 09:52:51', 'El cliente edwarperezg@gmail.coma confirmado su registro'),
(203, NULL, '2011-08-01 09:58:24', 'Se registro un nuevo cliente: <br> Cliente: edwar<br>Cuenta:edwarperezg@gmail.com'),
(204, NULL, '2011-08-01 09:58:59', 'El cliente edwarperezg@gmail.coma confirmado su registro'),
(205, NULL, '2011-08-01 10:03:00', 'Se registro un nuevo cliente: <br> Cliente: edwar<br>Cuenta:edwarperezg@gmail.com'),
(206, NULL, '2011-08-01 10:03:54', 'El cliente edwarperezg@gmail.coma confirmado su registro'),
(207, NULL, '2011-08-01 10:07:39', 'Se registro un nuevo cliente: <br> Cliente: edwar<br>Cuenta:edwarperezg@gmail.com'),
(208, NULL, '2011-08-01 10:08:48', 'El cliente edwarperezg@gmail.coma confirmado su registro'),
(209, NULL, '2011-08-01 10:11:04', 'Se registro un nuevo cliente: <br> Cliente: edwar<br>Cuenta:edwarperezg@gmail.com'),
(210, NULL, '2011-08-01 10:11:35', 'El cliente edwarperezg@gmail.coma confirmado su registro'),
(211, NULL, '2011-08-01 10:14:32', 'Se registro un nuevo cliente: <br> Cliente: edwar<br>Cuenta:edwarperezg@gmail.com'),
(212, NULL, '2011-08-01 10:15:12', 'El cliente edwarperezg@gmail.coma confirmado su registro'),
(213, NULL, '2011-08-01 10:18:39', 'Se registro un nuevo cliente: <br> Cliente: edwar<br>Cuenta:edwarperezg@gmail.com'),
(214, NULL, '2011-08-01 10:19:40', 'El cliente edwarperezg@gmail.coma confirmado su registro'),
(215, NULL, '2011-08-01 10:21:29', 'Se registro un nuevo cliente: <br> Cliente: sysdecom<br>Cuenta:owenperedo@gmail.com'),
(216, NULL, '2011-08-01 10:22:35', 'El cliente owenperedo@gmail.coma confirmado su registro'),
(217, NULL, '2011-08-01 10:26:04', 'Se registro un nuevo cliente: <br> Cliente: sysdecom<br>Cuenta:owenperedo@gmail.com'),
(218, NULL, '2011-08-01 10:27:23', 'El cliente owenperedo@gmail.coma confirmado su registro'),
(219, NULL, '2011-08-01 10:31:24', 'Se registro un nuevo cliente: <br> Cliente: edwar<br>Cuenta:edwarperezg@gmail.com'),
(220, NULL, '2011-08-01 10:32:23', 'El cliente edwarperezg@gmail.coma confirmado su registro'),
(221, NULL, '2011-08-01 10:35:20', 'Se registro un nuevo cliente: <br> Cliente: sysdecom<br>Cuenta:owenperedo@gmail.com'),
(222, NULL, '2011-08-01 10:36:16', 'El cliente owenperedo@gmail.coma confirmado su registro'),
(223, 'Administrador', '2011-08-01 12:57:36', 'Se registro un nuevo cliente: <br> Cliente: edwar<br>Cuenta:edwarperezg@gmail.com'),
(224, 'Administrador', '2011-08-01 13:05:10', 'Se registro un nuevo cliente: <br> Cliente: sysdecom<br>Cuenta:owenperedo@gmail.com'),
(225, 'Administrador', '2011-08-01 13:13:46', 'Se registro un nuevo cliente: <br> Cliente: sysdecom<br>Cuenta:owenperedo@gmail.com'),
(226, 'edwar perez g', '2011-08-01 13:18:13', 'Se registro un nuevo cliente: <br> Cliente: sysdecom<br>Cuenta:owenperedo@gmail.com'),
(227, 'Administrador', '2011-08-01 13:40:55', 'El usuario modifico su informacion'),
(228, 'Administrador', '2011-08-01 13:43:18', 'El usuario modifico su informacion'),
(229, 'Administrador', '2011-08-01 14:07:26', 'El usuario modifico su informacion'),
(230, 'Administrador', '2011-08-01 14:08:18', 'El usuario modifico su informacion'),
(231, 'edwar perez g', '2011-08-01 15:52:04', 'El usuario modifico su informacion'),
(232, 'edwar perez g', '2011-08-01 15:57:07', 'El usuario modifico su informacion'),
(233, 'edwar perez g', '2011-08-01 15:58:18', 'El usuario modifico su informacion'),
(234, 'edwar perez g', '2011-08-01 16:19:06', 'El usuario modifico su informacion'),
(235, 'edwar perez g', '2011-08-01 16:42:44', 'El usuario modifico su informacion'),
(236, 'edwar perez g', '2011-08-01 16:43:10', 'El usuario modifico su informacion'),
(237, 'sysdecom', '2011-08-01 16:46:13', 'El usuario modifico su informacion'),
(238, 'sysdecom', '2011-08-01 16:46:33', 'El usuario modifico su informacion'),
(239, 'edwar perez g', '2011-08-01 16:55:26', 'Ha creado la video seleccion seleccion web'),
(240, 'edwar perez g', '2011-08-01 16:58:45', 'Ha creado la video seleccion Seleccion A'),
(241, 'edwar perez g', '2011-08-01 17:05:51', 'Se ha enviado la seleccion seleccion weba 3 los postulantes sonedwarperezg@gmail.com,owenperedo@gmail.com,'),
(242, 'edwar perez g', '2011-08-01 17:16:45', 'Se ha enviado la seleccion Seleccion Aa 1 los postulantes sonedwarperezg@gmail.com'),
(243, 'edwar perez g', '2011-08-01 17:22:17', 'Ha creado la video seleccion seleccion web prueba'),
(244, 'edwar perez g', '2011-08-01 17:23:20', 'Se ha enviado la seleccion seleccion web pruebaa 3 los postulantes sonedwarperezg@gmail.com,owenperedo@gmail.com,'),
(245, 'Luis Ninni', '2011-08-02 08:12:42', 'Ha creado la video seleccion prueba 02/08'),
(246, 'Luis Ninni', '2011-08-02 08:13:07', 'Se ha enviado la seleccion prueba 02/08a 2 los postulantes sonluisninni@hotmail.com,'),
(247, NULL, '2011-08-02 08:16:34', 'Se registor el postulante  Luis Alberto Ninni'),
(248, NULL, '2011-08-02 08:18:10', 'El postulante 9realizo una entrevista'),
(249, NULL, '2011-08-02 08:19:41', 'El postulante 9realizo una entrevista'),
(250, NULL, '2011-08-02 08:19:43', 'Se ha realizado un aentrevista en la seleccion prueba 02/08, y se ha descontado un credito del usuario Luis Ninni'),
(251, NULL, '2011-08-02 08:36:41', 'Se registor el postulante  owen peredo diaz'),
(252, NULL, '2011-08-02 08:37:30', 'El postulante 10realizo una entrevista'),
(253, NULL, '2011-08-02 08:38:04', 'El postulante 10realizo una entrevista'),
(254, NULL, '2011-08-02 08:38:26', 'El postulante 10realizo una entrevista'),
(255, NULL, '2011-08-02 08:38:26', 'Se ha realizado un aentrevista en la seleccion seleccion web prueba, y se ha descontado un credito del usuario edwar perez g'),
(256, NULL, '2011-08-02 08:45:24', 'Se ha realizado un aentrevista en la seleccion seleccion web prueba, y se ha descontado un credito del usuario edwar perez g'),
(257, 'Administrador', '2011-08-02 08:53:16', 'Se puso en activo al postulante Nro: 10'),
(258, 'Administrador', '2011-08-02 08:53:19', 'Se puso en activo al postulante Nro: 10'),
(259, 'Administrador', '2011-08-02 08:53:20', 'Se puso en activo al postulante Nro: 10'),
(260, 'Administrador', '2011-08-02 08:53:20', 'Se puso en activo al postulante Nro: 10'),
(261, 'Administrador', '2011-08-02 21:46:29', 'Se puso en activo al postulante Nro: 9'),
(262, 'Administrador', '2011-08-02 21:46:30', 'Se puso en activo al postulante Nro: 9'),
(263, 'Administrador', '2011-08-02 21:46:31', 'Se puso en activo al postulante Nro: 9'),
(264, 'Administrador', '2011-08-02 21:46:32', 'Se puso en activo al postulante Nro: 9'),
(265, 'Administrador', '2011-08-02 21:46:33', 'Se puso en activo al postulante Nro: 9'),
(266, 'Administrador', '2011-08-02 21:46:35', 'Se puso en activo al postulante Nro: 9'),
(267, 'Administrador', '2011-08-02 21:46:35', 'Se puso en activo al postulante Nro: 9'),
(268, 'Administrador', '2011-08-02 21:46:36', 'Se puso en activo al postulante Nro: 9'),
(269, 'Administrador', '2011-08-02 21:46:37', 'Se puso en activo al postulante Nro: 9'),
(270, 'Administrador', '2011-08-02 21:46:37', 'Se puso en activo al postulante Nro: 9'),
(271, 'Administrador', '2011-08-02 21:46:37', 'Se puso en activo al postulante Nro: 9'),
(272, 'Administrador', '2011-08-02 21:46:38', 'Se puso en activo al postulante Nro: 9'),
(273, 'Administrador', '2011-08-02 21:46:40', 'Se puso en activo al postulante Nro: 9'),
(274, 'Administrador', '2011-08-02 21:46:41', 'Se puso en activo al postulante Nro: 9'),
(275, 'Administrador', '2011-08-02 21:46:41', 'Se puso en activo al postulante Nro: 9'),
(276, 'Administrador', '2011-08-02 21:46:42', 'Se puso en activo al postulante Nro: 9'),
(277, 'Administrador', '2011-08-02 21:46:42', 'Se puso en activo al postulante Nro: 9'),
(278, 'Administrador', '2011-08-02 21:46:43', 'Se puso en activo al postulante Nro: 9'),
(279, 'Administrador', '2011-08-02 21:46:45', 'Se puso en activo al postulante Nro: 9'),
(280, 'Administrador', '2011-08-02 21:46:45', 'Se puso en activo al postulante Nro: 9'),
(281, 'Administrador', '2011-08-02 21:46:46', 'Se puso en activo al postulante Nro: 9'),
(282, 'Administrador', '2011-08-02 21:46:49', 'Se puso en activo al postulante Nro: 10'),
(283, 'Administrador', '2011-08-02 21:46:50', 'Se puso en activo al postulante Nro: 10'),
(284, 'Administrador', '2011-08-02 21:46:50', 'Se puso en activo al postulante Nro: 10'),
(285, 'Administrador', '2011-08-02 21:46:51', 'Se puso en activo al postulante Nro: 10'),
(286, 'Administrador', '2011-08-02 21:46:53', 'Se puso en activo al postulante Nro: 9'),
(287, 'Administrador', '2011-08-02 21:48:26', 'Reviso la entrevista del postulante nro 9'),
(288, 'Administrador', '2011-08-02 21:48:55', 'Reviso la entrevista del postulante nro 9'),
(289, 'Administrador', '2011-08-02 21:49:42', 'Reviso la entrevista del postulante nro 9'),
(290, 'edwar perez g', '2011-08-02 21:59:46', 'Reviso la entrevista del postulante nro 10'),
(291, 'edwar perez g', '2011-08-02 22:00:37', 'Reviso la entrevista del postulante nro 10'),
(292, 'Administrador', '2011-08-02 22:09:28', 'Reviso la entrevista del postulante nro 9'),
(293, 'Administrador', '2011-08-02 22:13:33', 'Reviso la entrevista del postulante nro 10'),
(294, 'Administrador', '2011-08-02 22:13:51', 'Reviso la entrevista del postulante nro 9'),
(295, 'Administrador', '2011-08-02 22:16:28', 'Reviso la entrevista del postulante nro 10'),
(296, 'Administrador', '2011-08-08 16:43:05', 'Reviso la entrevista del postulante nro 9'),
(297, 'Administrador', '2011-09-12 15:36:25', 'El usuario modifico su informacion'),
(298, 'Administrador', '2011-09-12 15:36:54', 'El usuario modifico su informacion'),
(299, 'Administrador', '2011-09-12 15:47:38', 'Se puso en activo al postulante Nro: 9'),
(300, 'Administrador', '2011-09-12 15:47:38', 'Se puso en activo al postulante Nro: 10'),
(301, 'Administrador', '2011-09-12 15:47:39', 'Se puso en activo al postulante Nro: 10'),
(302, 'Administrador', '2011-09-12 15:47:40', 'Se puso en activo al postulante Nro: 10'),
(303, 'Administrador', '2011-09-12 15:47:40', 'Se puso en activo al postulante Nro: 10'),
(304, 'Administrador', '2011-09-12 15:47:41', 'Se puso en activo al postulante Nro: 9'),
(305, 'Administrador', '2011-09-12 15:47:43', 'Se puso en activo al postulante Nro: 10'),
(306, 'Administrador', '2011-09-12 15:47:43', 'Se puso en activo al postulante Nro: 9'),
(307, 'Administrador', '2011-09-12 15:47:45', 'Se puso en activo al postulante Nro: 10'),
(308, 'Administrador', '2011-09-12 15:47:45', 'Se puso en activo al postulante Nro: 10'),
(309, 'Administrador', '2011-09-12 15:47:46', 'Se puso en activo al postulante Nro: 10'),
(310, 'Administrador', '2011-09-12 15:47:46', 'Se puso en activo al postulante Nro: 10'),
(311, 'Administrador', '2011-09-12 15:47:47', 'Se puso en activo al postulante Nro: 10'),
(312, 'Administrador', '2011-09-12 15:47:47', 'Se puso en activo al postulante Nro: 10'),
(313, 'Administrador', '2011-09-12 15:47:48', 'Se puso en activo al postulante Nro: 10'),
(314, 'Administrador', '2011-09-12 15:47:49', 'Se puso en activo al postulante Nro: 10'),
(315, 'Administrador', '2011-09-12 15:47:50', 'Se puso en activo al postulante Nro: 10'),
(316, 'Administrador', '2011-09-12 15:47:50', 'Se puso en activo al postulante Nro: 10'),
(317, 'Administrador', '2011-09-12 15:47:50', 'Se puso en activo al postulante Nro: 9'),
(318, 'Administrador', '2011-09-12 15:47:51', 'Se puso en activo al postulante Nro: 9'),
(319, 'Administrador', '2011-09-12 15:48:01', 'Se puso en activo al postulante Nro: 9'),
(320, 'Administrador', '2011-09-12 15:48:01', 'Se puso en activo al postulante Nro: 9'),
(321, 'Administrador', '2011-09-12 15:48:02', 'Se puso en activo al postulante Nro: 9'),
(322, 'Administrador', '2011-09-12 15:48:02', 'Se puso en activo al postulante Nro: 9'),
(323, 'Administrador', '2011-09-12 15:48:03', 'Se puso en activo al postulante Nro: 10'),
(324, 'Administrador', '2011-09-12 15:48:03', 'Se puso en activo al postulante Nro: 9'),
(325, 'Administrador', '2011-09-12 15:48:04', 'Se puso en activo al postulante Nro: 10'),
(326, 'Administrador', '2011-09-12 15:48:04', 'Se puso en activo al postulante Nro: 9'),
(327, 'Administrador', '2011-09-12 15:48:04', 'Se puso en activo al postulante Nro: 10'),
(328, 'Administrador', '2011-09-12 15:48:05', 'Se puso en activo al postulante Nro: 10'),
(329, 'Administrador', '2011-09-12 15:48:05', 'Se puso en activo al postulante Nro: 9'),
(330, 'Administrador', '2011-09-12 15:48:06', 'Se puso en activo al postulante Nro: 10'),
(331, 'Administrador', '2011-09-12 15:48:06', 'Se puso en activo al postulante Nro: 9'),
(332, 'Administrador', '2011-09-12 15:48:07', 'Se puso en activo al postulante Nro: 10'),
(333, 'Administrador', '2011-09-12 15:48:07', 'Se puso en activo al postulante Nro: 9'),
(334, 'Administrador', '2011-09-12 15:48:07', 'Se puso en activo al postulante Nro: 9'),
(335, 'Administrador', '2011-09-12 15:48:09', 'Se puso en activo al postulante Nro: 9'),
(336, 'Administrador', '2011-09-12 15:48:09', 'Se puso en activo al postulante Nro: 10'),
(337, 'Administrador', '2011-09-12 15:48:10', 'Se puso en activo al postulante Nro: 9'),
(338, 'Administrador', '2011-09-12 15:48:10', 'Se puso en activo al postulante Nro: 10'),
(339, 'Administrador', '2011-09-12 15:48:10', 'Se puso en activo al postulante Nro: 10'),
(340, 'Administrador', '2011-09-12 15:48:14', 'Se puso en activo al postulante Nro: 10'),
(341, 'Administrador', '2011-09-12 15:48:19', 'Se puso en activo al postulante Nro: 10'),
(342, 'Administrador', '2011-09-12 15:48:20', 'Se puso en activo al postulante Nro: 10'),
(343, 'Administrador', '2011-09-12 15:48:21', 'Se puso en activo al postulante Nro: 10'),
(344, 'Administrador', '2011-09-12 15:48:22', 'Se puso en activo al postulante Nro: 10'),
(345, 'Administrador', '2011-09-12 15:48:22', 'Se puso en activo al postulante Nro: 9'),
(346, 'Administrador', '2011-09-12 15:48:22', 'Se puso en activo al postulante Nro: 10'),
(347, 'Administrador', '2011-09-12 15:48:24', 'Se puso en activo al postulante Nro: 9'),
(348, 'Administrador', '2011-09-12 15:48:25', 'Se puso en activo al postulante Nro: 9'),
(349, 'Administrador', '2011-09-12 15:48:26', 'Se puso en activo al postulante Nro: 9'),
(350, 'Administrador', '2011-09-12 15:48:27', 'Se puso en activo al postulante Nro: 10'),
(351, 'Administrador', '2011-09-12 15:48:27', 'Se puso en activo al postulante Nro: 10'),
(352, 'Administrador', '2011-09-12 15:48:28', 'Se puso en activo al postulante Nro: 10'),
(353, 'Administrador', '2011-09-12 15:48:28', 'Se puso en activo al postulante Nro: 9'),
(354, 'Administrador', '2011-09-12 15:48:29', 'Se puso en activo al postulante Nro: 9'),
(355, 'Administrador', '2011-09-12 15:48:35', 'Se puso en activo al postulante Nro: 10'),
(356, 'Administrador', '2011-09-12 15:48:36', 'Se puso en activo al postulante Nro: 10'),
(357, 'Administrador', '2011-09-12 15:51:07', 'Se puso en activo al postulante Nro: 10'),
(358, 'Administrador', '2011-09-12 15:51:07', 'Se puso en activo al postulante Nro: 10'),
(359, 'Administrador', '2011-09-12 15:51:08', 'Se puso en activo al postulante Nro: 10'),
(360, 'Administrador', '2011-09-12 15:51:09', 'Se puso en activo al postulante Nro: 10'),
(361, 'Administrador', '2011-09-12 15:51:09', 'Se puso en activo al postulante Nro: 10'),
(362, 'Administrador', '2011-09-12 15:51:10', 'Se puso en activo al postulante Nro: 10'),
(363, 'Administrador', '2011-09-12 15:51:11', 'Se puso en activo al postulante Nro: 10'),
(364, 'Administrador', '2011-09-12 15:51:11', 'Se puso en activo al postulante Nro: 10'),
(365, 'Administrador', '2011-09-12 15:51:12', 'Se puso en activo al postulante Nro: 10'),
(366, 'Administrador', '2011-09-12 15:51:13', 'Se puso en activo al postulante Nro: 10'),
(367, 'Administrador', '2011-09-12 15:51:15', 'Se puso en activo al postulante Nro: 10'),
(368, 'Administrador', '2011-09-12 15:51:16', 'Se puso en activo al postulante Nro: 10'),
(369, 'Administrador', '2011-09-12 15:55:31', 'Se puso en activo al postulante Nro: 9'),
(370, 'Administrador', '2011-09-12 15:55:32', 'Se puso en activo al postulante Nro: 9'),
(371, 'Administrador', '2011-09-12 15:55:32', 'Se puso en activo al postulante Nro: 10'),
(372, 'Administrador', '2011-09-12 15:56:09', 'Se puso en activo al postulante Nro: 10'),
(373, 'Administrador', '2011-09-12 15:56:10', 'Se puso en activo al postulante Nro: 10'),
(374, 'Administrador', '2011-09-12 15:58:47', 'Se puso en activo al postulante Nro: 9'),
(375, 'Administrador', '2011-09-12 15:58:47', 'Se puso en activo al postulante Nro: 9'),
(376, 'Administrador', '2011-09-12 15:58:48', 'Se puso en activo al postulante Nro: 9'),
(377, 'Administrador', '2011-09-12 15:58:48', 'Se puso en activo al postulante Nro: 9'),
(378, 'Administrador', '2011-09-12 15:58:49', 'Se puso en activo al postulante Nro: 9'),
(379, 'Administrador', '2011-09-12 15:58:49', 'Se puso en activo al postulante Nro: 9'),
(380, 'Administrador', '2011-09-12 15:58:50', 'Se puso en activo al postulante Nro: 9'),
(381, 'Administrador', '2011-09-12 15:58:52', 'Se puso en activo al postulante Nro: 10'),
(382, 'Administrador', '2011-09-12 15:58:52', 'Se puso en activo al postulante Nro: 9'),
(383, 'Administrador', '2011-09-12 15:58:52', 'Se puso en activo al postulante Nro: 9'),
(384, 'Administrador', '2011-09-12 15:58:53', 'Se puso en activo al postulante Nro: 9'),
(385, 'Administrador', '2011-09-12 15:58:54', 'Se puso en activo al postulante Nro: 9'),
(386, 'Administrador', '2011-09-12 15:58:55', 'Se puso en activo al postulante Nro: 9'),
(387, 'Administrador', '2011-09-12 15:58:56', 'Se puso en activo al postulante Nro: 9'),
(388, 'Administrador', '2011-09-12 15:58:56', 'Se puso en activo al postulante Nro: 9'),
(389, 'Administrador', '2011-09-12 15:58:56', 'Se puso en activo al postulante Nro: 9'),
(390, 'Administrador', '2011-09-12 15:58:56', 'Se puso en activo al postulante Nro: 9'),
(391, 'Administrador', '2011-09-12 15:58:58', 'Se puso en activo al postulante Nro: 10'),
(392, 'Administrador', '2011-09-12 15:58:58', 'Se puso en activo al postulante Nro: 10'),
(393, 'Administrador', '2011-09-12 15:58:59', 'Se puso en activo al postulante Nro: 10'),
(394, 'Administrador', '2011-09-12 15:59:00', 'Se puso en activo al postulante Nro: 10'),
(395, 'Administrador', '2011-09-12 15:59:00', 'Se puso en activo al postulante Nro: 10'),
(396, 'Administrador', '2011-09-12 15:59:01', 'Se puso en activo al postulante Nro: 10'),
(397, 'Administrador', '2011-09-12 15:59:02', 'Se puso en activo al postulante Nro: 10'),
(398, 'Administrador', '2011-09-12 15:59:04', 'Se puso en activo al postulante Nro: 9'),
(399, 'Administrador', '2011-09-12 15:59:04', 'Se puso en activo al postulante Nro: 9'),
(400, 'Administrador', '2011-09-12 15:59:05', 'Se puso en activo al postulante Nro: 9'),
(401, 'Administrador', '2011-09-12 15:59:05', 'Se puso en activo al postulante Nro: 9'),
(402, 'Administrador', '2011-09-12 15:59:06', 'Se puso en activo al postulante Nro: 9'),
(403, 'Administrador', '2011-09-12 15:59:06', 'Se puso en activo al postulante Nro: 9'),
(404, 'Administrador', '2011-09-12 15:59:07', 'Se puso en activo al postulante Nro: 10'),
(405, 'Administrador', '2011-09-12 15:59:08', 'Se puso en activo al postulante Nro: 10'),
(406, 'Administrador', '2011-09-12 15:59:10', 'Se puso en activo al postulante Nro: 9'),
(407, 'Administrador', '2011-09-12 15:59:11', 'Se puso en activo al postulante Nro: 9'),
(408, 'Administrador', '2011-09-12 15:59:11', 'Se puso en activo al postulante Nro: 9'),
(409, 'Administrador', '2011-09-12 15:59:11', 'Se puso en activo al postulante Nro: 9'),
(410, 'Administrador', '2011-09-12 15:59:12', 'Se puso en activo al postulante Nro: 9'),
(411, 'Administrador', '2011-09-12 15:59:13', 'Se puso en activo al postulante Nro: 10'),
(412, 'Administrador', '2011-09-12 15:59:13', 'Se puso en activo al postulante Nro: 10'),
(413, 'Administrador', '2011-09-12 15:59:14', 'Se puso en activo al postulante Nro: 9'),
(414, 'Administrador', '2011-09-12 15:59:15', 'Se puso en activo al postulante Nro: 9'),
(415, 'Administrador', '2011-09-12 15:59:16', 'Se puso en activo al postulante Nro: 9'),
(416, 'Administrador', '2011-09-12 16:03:31', 'Se puso en activo al postulante Nro: 9'),
(417, 'Administrador', '2011-09-12 16:03:32', 'Se puso en activo al postulante Nro: 9'),
(418, 'Administrador', '2011-09-12 16:03:32', 'Se puso en activo al postulante Nro: 9'),
(419, 'Administrador', '2011-09-12 16:03:32', 'Se puso en activo al postulante Nro: 9'),
(420, 'Administrador', '2011-09-12 16:03:33', 'Se puso en activo al postulante Nro: 9'),
(421, 'Administrador', '2011-09-12 16:03:34', 'Se puso en activo al postulante Nro: 9'),
(422, 'Administrador', '2011-09-12 16:03:35', 'Se puso en activo al postulante Nro: 9'),
(423, 'Administrador', '2011-09-12 16:03:36', 'Se puso en activo al postulante Nro: 9'),
(424, 'Administrador', '2011-09-12 16:03:37', 'Se puso en activo al postulante Nro: 9'),
(425, 'Administrador', '2011-09-12 16:04:28', 'Se puso en activo al postulante Nro: 9'),
(426, 'Administrador', '2011-09-12 16:04:28', 'Se puso en activo al postulante Nro: 9'),
(427, 'Administrador', '2011-09-12 16:04:29', 'Se puso en activo al postulante Nro: 9'),
(428, 'Administrador', '2011-09-12 16:04:29', 'Se puso en activo al postulante Nro: 9'),
(429, 'Administrador', '2011-09-12 16:04:30', 'Se puso en activo al postulante Nro: 9'),
(430, 'Administrador', '2011-09-12 16:04:30', 'Se puso en activo al postulante Nro: 9'),
(431, 'Administrador', '2011-09-12 16:04:32', 'Se puso en activo al postulante Nro: 9'),
(432, 'Administrador', '2011-09-12 16:04:33', 'Se puso en activo al postulante Nro: 9'),
(433, 'Administrador', '2011-09-12 16:04:34', 'Se puso en activo al postulante Nro: 9'),
(434, 'Administrador', '2011-09-12 16:04:37', 'Se puso en activo al postulante Nro: 9'),
(435, 'Administrador', '2011-09-12 16:04:37', 'Se puso en activo al postulante Nro: 9'),
(436, 'Administrador', '2011-09-12 16:04:38', 'Se puso en activo al postulante Nro: 9'),
(437, 'Administrador', '2011-09-12 16:04:38', 'Se puso en activo al postulante Nro: 9'),
(438, 'Administrador', '2011-09-12 16:04:46', 'Se puso en activo al postulante Nro: 10'),
(439, 'Administrador', '2011-09-12 16:04:46', 'Se puso en activo al postulante Nro: 10'),
(440, 'Administrador', '2011-09-13 06:56:47', 'El usuario modifico su informacion'),
(441, 'Isabel', '2011-09-13 08:01:11', 'Ha creado la video seleccion seleccion Isa'),
(442, 'Isabel', '2011-09-13 08:02:08', 'El usuario modifico su informacion'),
(443, 'Isabel', '2011-09-13 08:04:22', 'El usuario modifico su informacion'),
(444, 'Isabel', '2011-09-13 08:05:04', 'El usuario modifico su informacion'),
(445, 'Isabel', '2011-09-13 08:11:07', 'Se ha enviado la seleccion seleccion Isaa 2 los postulantes sonclaisaveri@gmail.com,');

-- --------------------------------------------------------

--
-- Estructura de tabla para la tabla `applicants`
--

DROP TABLE IF EXISTS `applicants`;
CREATE TABLE IF NOT EXISTS `applicants` (
  `id` int(11) NOT NULL AUTO_INCREMENT,
  `selecction_id` int(11) NOT NULL,
  `name` varchar(150) NOT NULL,
  `gender` enum('f','m') NOT NULL DEFAULT 'm',
  `birth` date DEFAULT NULL,
  `address` varchar(255) DEFAULT NULL,
  `email` varchar(100) NOT NULL,
  `phone` int(11) DEFAULT NULL,
  `photo` varchar(100) DEFAULT NULL,
  `description` text,
  `status` int(11) NOT NULL DEFAULT '-1',
  `edad` int(3) DEFAULT NULL,
  `celular` int(12) DEFAULT NULL,
  `documento` int(20) DEFAULT NULL,
  `pais` varchar(200) DEFAULT NULL,
  `profesion` varchar(200) DEFAULT NULL,
  `ready` int(2) NOT NULL DEFAULT '0',
  `general` int(2) NOT NULL DEFAULT '0',
  PRIMARY KEY (`id`),
  KEY `fk_has_applicants` (`selecction_id`)
) ENGINE=MyISAM  DEFAULT CHARSET=latin1 AUTO_INCREMENT=11 ;

--
-- Volcado de datos para la tabla `applicants`
--

INSERT INTO `applicants` (`id`, `selecction_id`, `name`, `gender`, `birth`, `address`, `email`, `phone`, `photo`, `description`, `status`, `edad`, `celular`, `documento`, `pais`, `profesion`, `ready`, `general`) VALUES
(1, 77, 'Luis Ninni', 'f', NULL, 'Buenos Aires - Buenos Aires', 'luisninni@gmail.com', 466577834, '77_1.jpg', '', 0, 45, NULL, 18100366, 'ARGENTINA', 'Empleado', 1, 4),
(2, 80, 'Luis  Ninni', 'm', NULL, 'Buenos Aires - Buenos Aires', 'luisninni@hotmail.com', 64697007, '80_2.jpg', '', 0, 45, NULL, 64697007, 'ARGENTINA', 'Empleado', 1, 0),
(3, 81, 'Luis Ninni 2', 'm', NULL, 'Buenos Aires - Buenos Aires', 'luisninni@hotmail.com', 2147483647, '81_3.jpg', '', 0, 45, NULL, 18100366, 'ARGENTINA', 'Profesional', 1, 0),
(4, 86, 'Marco antonio Guilligan', 'm', NULL, 'Buenos aires - Buenos aires', 'luisninni@hotmail.com', 2147483647, '86_4.jpg', '', -1, 44, 2147483647, 18100366, 'ARGENTINA', 'Empleado', 1, 0),
(5, 87, 'luis locutorio', 'm', NULL, ' - ', 'luisninni@hotmail.com', 1564697007, '87_5.jpg', 'esto es una descripcion o comentario', -1, 45, NULL, NULL, 'ARGENTINA', 'locutor', 1, 3),
(6, 87, 'Jose Antonio Perez', 'm', NULL, ' - ', 'luisninni@gmail.com', 2147483647, '87_6.jpg', '', -1, 45, NULL, NULL, 'ARGENTINA', 'Empleado', 1, 0),
(7, 88, 'Eduardo Ninni', 'm', NULL, ' - ', 'luisninni@hotmail.com', 2147483647, '88_7.jpg', '', -1, 45, NULL, NULL, 'ARGENTINA', 'Empleado', 1, 0),
(9, 94, 'Luis Alberto Ninni', 'm', NULL, 'Buenos Aires - Buenos Aires', 'luisninni@hotmail.com', 64697007, '94_9.jpg', '', 0, 45, NULL, 18100366, 'ARGENTINA', 'Empleado', 0, 0),
(10, 93, 'owen peredo diaz', 'm', NULL, 'cochabamba - cercado', 'owenperedo@gmail.com', 4124, '93_10.jpg', NULL, 0, 27, 75858888, 64258658, 'BOLIVIA, PLURINATIONAL STATE OF', 'ing. sistemas', 1, 0);

-- --------------------------------------------------------

--
-- Estructura de tabla para la tabla `clients`
--

DROP TABLE IF EXISTS `clients`;
CREATE TABLE IF NOT EXISTS `clients` (
  `id` int(11) NOT NULL AUTO_INCREMENT,
  `name` varchar(100) NOT NULL,
  `last_name` varchar(100) NOT NULL,
  `cuit` int(11) DEFAULT NULL,
  `rubro_empresa` varchar(50) NOT NULL,
  `area` varchar(255) DEFAULT NULL,
  `country` varchar(50) DEFAULT NULL,
  `city` varchar(50) DEFAULT NULL,
  `state` varchar(100) DEFAULT NULL,
  `address` varchar(255) NOT NULL,
  `cod_postal` int(11) NOT NULL DEFAULT '0',
  `phone` int(11) NOT NULL,
  `contact_name` varchar(100) DEFAULT NULL,
  `email_contact` varchar(100) NOT NULL,
  `email` varchar(100) NOT NULL,
  `type` tinyint(1) NOT NULL DEFAULT '0',
  `logo` varchar(150) NOT NULL DEFAULT 'private/logo-blank.png',
  `balance` int(11) unsigned NOT NULL DEFAULT '10',
  `active` int(1) NOT NULL DEFAULT '1',
  `date_birth` date DEFAULT NULL,
  PRIMARY KEY (`id`),
  FULLTEXT KEY `last_name` (`last_name`)
) ENGINE=MyISAM  DEFAULT CHARSET=latin1 AUTO_INCREMENT=74 ;

--
-- Volcado de datos para la tabla `clients`
--

INSERT INTO `clients` (`id`, `name`, `last_name`, `cuit`, `rubro_empresa`, `area`, `country`, `city`, `state`, `address`, `cod_postal`, `phone`, `contact_name`, `email_contact`, `email`, `type`, `logo`, `balance`, `active`, `date_birth`) VALUES
(1, 'Seleccion WEB', '', NULL, '', NULL, 'Argentina', NULL, NULL, 'sin direccion', 0, 64697007, NULL, '', 'info@seleccionweb.com', 0, 'private/logo-blank.png', 0, 1, NULL),
(2, 'Seleccion 2.0 de SeleccionWeb', '', 2147483647, '', NULL, 'AR', 'Buenos Aires', 'Buenos Aires', 'Gascon 261 ', 0, 64697007, NULL, '', 'luisninni@hotmail.com', 1, 'clients/PNG Imagen1 Vertical.png', 10, 1, NULL),
(10, 'Monica', 'prueba', NULL, '', '591', 'AR', '', '', 'prueba', 0, 987654321, NULL, '', 'claisavelri@hotmail.com', 0, 'private/logo-blank.png', 10, 0, '2011-07-25'),
(20, 'GONZALO EUGENIO', 'ALONSO', NULL, '', '11', 'AR', 'C.A.B.A.', 'BUENOS AIRES', 'AV. CABILDO 418 1Ã‚Âº C - (C.A.B.A.)', 1428, 61274357, NULL, '', 'goneugenio@yahoo.com.ar', 0, 'clients/untitled.bmp', 10, 1, '1968-06-08'),
(12, 'Isabella', 'Rios', NULL, '', '591', 'Bolivia', 'Cochabamba', 'Cercado', 'Rene Moreno', 0, 4568239, '', '', 'tierna_monic@hotmail.com', 0, 'clients/1259456717272_f.jpg', 10, 1, '1999-12-27'),
(13, 'Claudia', 'velasquez', NULL, '', '5', 'AR', '', '', 'sd', 0, 4123456, NULL, '', 'tierna_monic@hotmail.com', 0, 'private/logo-blank.png', 10, 1, '1998-12-22'),
(14, '44', 'test', 44, '', '45', 'AR', '', '', 'sin direccion #0', 0, 2147483647, 'Isabella', '', 'claisaveri@gmail.com', 1, 'private/logo-blank.png', 10, 0, '0000-00-00'),
(15, 'Luis', 'Ninni', NULL, '', '54', 'AR', 'Buenos Aires', 'Buenos Aires', 'Gascon 261', 1181, 64697007, NULL, '', 'luisninni@gmail.com', 0, 'private/logo-blank.png', 10, 0, '1966-03-23'),
(70, 'edwar', 'perez g', NULL, '', '12345', 'BO', 'cercado', 'cochabamba', 'calle orihuela', 1245, 45678900, '', '', 'edwarperezg@gmail.com', 0, 'private/logo-blank.png', 10, 1, NULL),
(73, 'sysdecom', '', 123456789, 'desarrollo web', '1255', 'AR', 'cercado', 'cochabamba', 'calle orihuela', 12345, 4588888, 'owen peredo diaz', 'owenperedo@gmail.com', 'owenperedo@gmail.com', 1, 'private/logo-blank.png', 10, 1, NULL);

-- --------------------------------------------------------

--
-- Estructura de tabla para la tabla `interviews`
--

DROP TABLE IF EXISTS `interviews`;
CREATE TABLE IF NOT EXISTS `interviews` (
  `id` int(11) NOT NULL AUTO_INCREMENT,
  `applicant_id` int(11) NOT NULL,
  `url_interview` varchar(200) DEFAULT NULL,
  PRIMARY KEY (`id`),
  KEY `fk_performed` (`applicant_id`)
) ENGINE=MyISAM  DEFAULT CHARSET=latin1 AUTO_INCREMENT=18 ;

--
-- Volcado de datos para la tabla `interviews`
--

INSERT INTO `interviews` (`id`, `applicant_id`, `url_interview`) VALUES
(1, 1, 'rtmp://lolvp86f.rtmphost.com/sel_web/77_1/pregunta_1.mp4'),
(2, 1, 'rtmp://lolvp86f.rtmphost.com/sel_web/77_1/pregunta_2.mp4'),
(3, 3, 'rtmp://lolvp86f.rtmphost.com/sel_web/81_3/pregunta_1.mp4'),
(4, 3, 'rtmp://lolvp86f.rtmphost.com/sel_web/81_3/pregunta_2.mp4'),
(5, 4, 'rtmp://lolvp86f.rtmphost.com/sel_web/86_4/pregunta_1.mp4'),
(6, 4, 'rtmp://lolvp86f.rtmphost.com/sel_web/86_4/pregunta_2.mp4'),
(7, 6, 'rtmp://lolvp86f.rtmphost.com/sel_web/87_6/pregunta_1.mp4'),
(8, 6, 'rtmp://lolvp86f.rtmphost.com/sel_web/87_6/pregunta_2.mp4'),
(9, 7, 'rtmp://lolvp86f.rtmphost.com/sel_web/88_7/pregunta_1.mp4'),
(10, 7, 'rtmp://lolvp86f.rtmphost.com/sel_web/88_7/pregunta_2.mp4'),
(11, 8, 'rtmp://lolvp86f.rtmphost.com/sel_web/89_8/pregunta_1.mp4'),
(12, 8, 'rtmp://lolvp86f.rtmphost.com/sel_web/89_8/pregunta_2.mp4'),
(13, 9, 'rtmp://lolvp86f.rtmphost.com/sel_web/94_9/pregunta_1.mp4'),
(14, 9, 'rtmp://lolvp86f.rtmphost.com/sel_web/94_9/pregunta_2.mp4'),
(15, 10, 'rtmp://lolvp86f.rtmphost.com/sel_web/93_10/pregunta_1.mp4'),
(16, 10, 'rtmp://lolvp86f.rtmphost.com/sel_web/93_10/pregunta_2.mp4'),
(17, 10, 'rtmp://lolvp86f.rtmphost.com/sel_web/93_10/pregunta_3.mp4');

-- --------------------------------------------------------

--
-- Estructura de tabla para la tabla `languages`
--

DROP TABLE IF EXISTS `languages`;
CREATE TABLE IF NOT EXISTS `languages` (
  `id` int(11) NOT NULL AUTO_INCREMENT,
  `user_id` int(11) NOT NULL,
  `key` varchar(50) CHARACTER SET latin1 NOT NULL,
  `text` text CHARACTER SET utf8 COLLATE utf8_bin NOT NULL,
  `created` datetime NOT NULL,
  `layout` varchar(100) COLLATE utf8_spanish_ci NOT NULL,
  `active` varchar(2) COLLATE utf8_spanish_ci NOT NULL DEFAULT '0',
  PRIMARY KEY (`id`)
) ENGINE=MyISAM  DEFAULT CHARSET=utf8 COLLATE=utf8_spanish_ci AUTO_INCREMENT=62 ;

--
-- Volcado de datos para la tabla `languages`
--

INSERT INTO `languages` (`id`, `user_id`, `key`, `text`, `created`, `layout`, `active`) VALUES
(1, 1, 'es', 0x45737061c3b16f6c, '2011-08-08 00:00:00', 'languages', '1'),
(2, 1, 'en', 0x456e676c697368, '2011-08-08 17:23:38', 'languages', '1'),
(3, 1, 'central', 0x3c212d2d3a65732d2d3e3c68323e4566696369656e63696120656e2070726f6365736f732064652053656c65636369c3b36e3c2f68323e0a3c68333e3c623e5072696d657220706c617461666f726d6120322e303c2f623e2070617261202053656c65636369c3b36e206f2050726573656c65636369c3b36e206465205265637572736f732048756d616e6f73206d656469616e746520656c2075736f20646520756e206e7565766f20636f6e636570746f3c2f68333e0a3c68333e3c623e4c6120566964656f2073656c65636369c3b36e2e3c2f623e3c2f68333e0a3c212d2d3a2d2d3e3c212d2d3a656e2d2d3e3c68323e53656c656374696f6e2050726f6365737320456666696369656e63793c2f68323e0a3c68333e3c623e466972737420706c6174666f726d20322e303c2f623e2053656c656374696f6e20616e642053637265656e696e67206f662048756d616e205265736f7572636573207573696e672061206e657720636f6e63657074203c2f68333e0a3c68333e3c623e4c6120566964656f2073656c65636369c3b36e2e3c2f623e3c2f68333e3c212d2d3a2d2d3e3c212d2d3a70742d2d3e3c212d2d3a2d2d3e, '2011-08-09 11:04:27', 'pages', '0'),
(4, 1, 'menu', 0x3c212d2d3a65732d2d3e3c756c20636c6173733d226d656e755f686561646572223e0a3c6c693e0a3c6120687265663d222f73656c7765622f70616765732f686f77746f223e436f6d6f2066756e63696f6e613c2f613e2020202020202020202020202020202020202020202020200a3c2f6c693e0a3c6c693e0a3c6120687265663d222f73656c7765622f70616765732f706c616e73223e506c616e65733c2f613e2020202020202020202020202020202020202020202020200a3c2f6c693e0a3c6c693e0a3c6120687265663d222f73656c7765622f636c69656e74732f7265676973746572223e526567697374726f3c2f613e2020202020202020202020202020202020202020202020200a3c2f6c693e0a3c6c693e0a3c6120687265663d222f73656c7765622f70616765732f636f6e74616374223e436f6e746163746f3c2f613e2020202020202020202020202020202020202020202020200a3c2f6c693e0a3c2f756c3e3c212d2d3a2d2d3e3c212d2d3a656e2d2d3e3c756c20636c6173733d226d656e755f686561646572223e0a3c6c693e0a3c6120687265663d222f73656c7765622f70616765732f686f77746f223e436f6d6f2066756e63696f6e613c2f613e2020202020202020202020202020202020202020202020200a3c2f6c693e0a3c6c693e0a3c6120687265663d222f73656c7765622f70616765732f706c616e73223e506c616e65733c2f613e2020202020202020202020202020202020202020202020200a3c2f6c693e0a3c6c693e0a3c6120687265663d222f73656c7765622f636c69656e74732f7265676973746572223e526567697374726f3c2f613e2020202020202020202020202020202020202020202020200a3c2f6c693e0a3c6c693e0a3c6120687265663d222f73656c7765622f70616765732f636f6e74616374223e436f6e746163746f3c2f613e2020202020202020202020202020202020202020202020200a3c2f6c693e0a3c2f756c3e3c212d2d3a2d2d3e3c212d2d3a70742d2d3e3c212d2d3a2d2d3e, '2011-08-02 14:48:33', 'layout', '0'),
(5, 1, 'como_funciona', 0x3c212d2d3a65732d2d3e436f6d6f2066756e63696f6e613c212d2d3a2d2d3e3c212d2d3a656e2d2d3e417320697420776f726b733c212d2d3a2d2d3e3c212d2d3a70742d2d3e436f6d6f2066756e63696f6e613c212d2d3a2d2d3e3c212d2d3a66722d2d3e3c212d2d3a2d2d3e, '2011-08-09 15:03:58', 'botones', '0'),
(6, 1, 'planes', 0x3c212d2d3a65732d2d3e706c616e65733c212d2d3a2d2d3e3c212d2d3a656e2d2d3e706c616e733c212d2d3a2d2d3e3c212d2d3a70742d2d3e706c616e6f733c212d2d3a2d2d3e3c212d2d3a66722d2d3e3c212d2d3a2d2d3e, '0000-00-00 00:00:00', 'botones', '0'),
(7, 1, 'registro', 0x3c212d2d3a65732d2d3e526567697374726f3c212d2d3a2d2d3e3c212d2d3a656e2d2d3e526567697374726174696f6e3c212d2d3a2d2d3e3c212d2d3a70742d2d3e526567697374726f3c212d2d3a2d2d3e3c212d2d3a66722d2d3e3c212d2d3a2d2d3e, '0000-00-00 00:00:00', 'botones', '0'),
(8, 1, 'contacto', 0x3c212d2d3a65732d2d3e436f6e746163746f3c212d2d3a2d2d3e3c212d2d3a656e2d2d3e436f6e746163743c212d2d3a2d2d3e3c212d2d3a70742d2d3e436f6e7461746f3c212d2d3a2d2d3e3c212d2d3a66722d2d3e3c212d2d3a2d2d3e, '0000-00-00 00:00:00', 'botones', '0'),
(9, 1, 'conozca_mas', 0x3c212d2d3a65732d2d3e436f6e6f7a6361206d61733c212d2d3a2d2d3e3c212d2d3a656e2d2d3e4b6e6f77206d6f72653c212d2d3a2d2d3e3c212d2d3a70742d2d3e3c212d2d3a2d2d3e3c212d2d3a66722d2d3e3c212d2d3a2d2d3e, '0000-00-00 00:00:00', 'botones', '0'),
(10, 1, 'nuestros_planes', 0x3c212d2d3a65732d2d3e4e75657374726f7320706c616e65733c212d2d3a2d2d3e3c212d2d3a656e2d2d3e4f757220706c616e733c212d2d3a2d2d3e3c212d2d3a70742d2d3e3c212d2d3a2d2d3e3c212d2d3a66722d2d3e3c212d2d3a2d2d3e, '0000-00-00 00:00:00', 'botones', '0'),
(11, 1, 'terminos', 0x3c212d2d3a65732d2d3e54c3a9726d696e6f73207920636f6e646963696f6e6573203c212d2d3a2d2d3e3c212d2d3a656e2d2d3e5465726d7320616e6420636f6e646974696f6e73203c62723e3c212d2d3a2d2d3e3c212d2d3a70742d2d3e3c212d2d3a2d2d3e3c212d2d3a66722d2d3e3c212d2d3a2d2d3e, '0000-00-00 00:00:00', 'botones', '0'),
(12, 1, 'politicas', 0x3c212d2d3a65732d2d3e506f6cc3ad746963617320646520707269766163696461643c212d2d3a2d2d3e3c212d2d3a656e2d2d3e506f6c69746963616c206f6620707269766163793c212d2d3a2d2d3e3c212d2d3a70742d2d3e3c212d2d3a2d2d3e3c212d2d3a66722d2d3e3c212d2d3a2d2d3e, '0000-00-00 00:00:00', 'botones', '0'),
(13, 1, 'login', 0x3c212d2d3a65732d2d3e4c4f47494e3c212d2d3a2d2d3e3c212d2d3a656e2d2d3e4c4f47494e3c212d2d3a2d2d3e3c212d2d3a70742d2d3e454e545241523c212d2d3a2d2d3e3c212d2d3a66722d2d3e3c212d2d3a2d2d3e, '0000-00-00 00:00:00', 'botones', '0'),
(14, 1, 'ver_mas', 0x3c212d2d3a65732d2d3e566572206dc3a1733c212d2d3a2d2d3e3c212d2d3a656e2d2d3e546f20736565206d6f72653c212d2d3a2d2d3e3c212d2d3a70742d2d3e3c212d2d3a2d2d3e3c212d2d3a66722d2d3e3c212d2d3a2d2d3e, '0000-00-00 00:00:00', 'botones', '0'),
(15, 1, 'usuario', 0x3c212d2d3a65732d2d3e5573756172696f3c212d2d3a2d2d3e3c212d2d3a656e2d2d3e557365726e616d653c212d2d3a2d2d3e3c212d2d3a70742d2d3e3c212d2d3a2d2d3e3c212d2d3a66722d2d3e3c212d2d3a2d2d3e, '0000-00-00 00:00:00', 'etiqueta', '0'),
(16, 1, 'password', 0x3c212d2d3a65732d2d3e436f6e7472617365c3b1613c212d2d3a2d2d3e3c212d2d3a656e2d2d3e50617373776f72643c212d2d3a2d2d3e3c212d2d3a70742d2d3e3c212d2d3a2d2d3e3c212d2d3a66722d2d3e3c212d2d3a2d2d3e, '0000-00-00 00:00:00', 'etiqueta', '0'),
(17, 1, 'recordarme', 0x3c212d2d3a65732d2d3e5265636f726461726d653c212d2d3a2d2d3e3c212d2d3a656e2d2d3e546f2072656d656d6265723c212d2d3a2d2d3e3c212d2d3a70742d2d3e3c212d2d3a2d2d3e3c212d2d3a66722d2d3e3c212d2d3a2d2d3e, '0000-00-00 00:00:00', 'etiqueta', '0'),
(18, 1, 'olvido', 0x3c212d2d3a65732d2d3ec2bf4f6c7669646f20737573206461746f733f3c212d2d3a2d2d3e3c212d2d3a656e2d2d3e466f72676f7420796f75722064657461696c733f3c212d2d3a2d2d3e3c212d2d3a70742d2d3e3c212d2d3a2d2d3e3c212d2d3a66722d2d3e3c212d2d3a2d2d3e, '0000-00-00 00:00:00', 'etiqueta', '0'),
(19, 1, 'plani', 0x3c212d2d3a65732d2d3e506c616e20696e696369616c3c212d2d3a2d2d3e3c212d2d3a656e2d2d3e496e697469616c20706c616e3c212d2d3a2d2d3e3c212d2d3a70742d2d3e3c212d2d3a2d2d3e3c212d2d3a66722d2d3e3c212d2d3a2d2d3e, '0000-00-00 00:00:00', 'etiqueta', '0'),
(20, 1, 'planb', 0x3c212d2d3a65732d2d3e506c616e2062617369636f3c212d2d3a2d2d3e3c212d2d3a656e2d2d3e426173696320706c616e3c212d2d3a2d2d3e3c212d2d3a70742d2d3e3c212d2d3a2d2d3e3c212d2d3a66722d2d3e3c212d2d3a2d2d3e, '0000-00-00 00:00:00', 'etiqueta', '0'),
(21, 1, 'planm', 0x3c212d2d3a65732d2d3e506c616e206d6564696f3c212d2d3a2d2d3e3c212d2d3a656e2d2d3e48616c6620706c616e3c212d2d3a2d2d3e3c212d2d3a70742d2d3e3c212d2d3a2d2d3e3c212d2d3a66722d2d3e3c212d2d3a2d2d3e, '0000-00-00 00:00:00', 'etiqueta', '0'),
(22, 1, 'plana', 0x3c212d2d3a65732d2d3e506c616e20616c746f3c212d2d3a2d2d3e3c212d2d3a656e2d2d3e4869676820706c616e3c212d2d3a2d2d3e3c212d2d3a70742d2d3e3c212d2d3a2d2d3e3c212d2d3a66722d2d3e3c212d2d3a2d2d3e, '0000-00-00 00:00:00', 'etiqueta', '0'),
(23, 1, 'regulador', 0x3c212d2d3a65732d2d3e526567756c61646f722064652070726563696f3c212d2d3a2d2d3e3c212d2d3a656e2d2d3e507269636520726567756c61746f723c212d2d3a2d2d3e3c212d2d3a70742d2d3e3c212d2d3a2d2d3e3c212d2d3a66722d2d3e3c212d2d3a2d2d3e, '0000-00-00 00:00:00', 'etiqueta', '0'),
(24, 1, 'video_sel', 0x3c212d2d3a65732d2d3e566964656f2053656c656363696f6e65733c212d2d3a2d2d3e3c212d2d3a656e2d2d3e566964656f2053656c656374696f6e733c212d2d3a2d2d3e3c212d2d3a70742d2d3e3c212d2d3a2d2d3e3c212d2d3a66722d2d3e3c212d2d3a2d2d3e, '0000-00-00 00:00:00', 'etiqueta', '0'),
(25, 1, 'contratar', 0x3c212d2d3a65732d2d3e436f6e7472617461723c212d2d3a2d2d3e3c212d2d3a656e2d2d3e5369676e2075703c212d2d3a2d2d3e3c212d2d3a70742d2d3e3c212d2d3a2d2d3e3c212d2d3a66722d2d3e3c212d2d3a2d2d3e, '0000-00-00 00:00:00', 'botones', '0'),
(26, 1, 'conozca_mas', 0x3c212d2d3a65732d2d3e3c756c3e0a3c6c693e0a202020203c68323e436f6e6f7a6361206dc3a1733c2f68323e0a3c2f6c693e0a3c6c693e0a202020203c703e53656c65636369c3b36e57656220657320656c20726573756c7461646f2064656c206465736172726f6c6c6f20646520756e6120706c617461666f726d6120322e302070617261206c612053656c65636369c3b36e206f2050726573656c65636369c3b36e206465205265637572736f732048756d616e6f73206d656469616e746520656c2075736f20646520756e206e7565766f20636f6e636570746f2e3c2f703e0a3c2f6c693e0a3c6c693e0a202020203c703e45737465206e7565766f20636f6e636570746f206465736172726f6c6c61646f20706f722053656c65636369c3b36e5765622068616365206dc3a1732073656e63696c6c6120792072c3a170696461206c6120636f6e74726174616369c3b36e206465206c6f73206d656a6f7265732074616c656e746f7320726564756369656e646f20636f73746f732079207469656d706f2e3c2f703e0a3c2f6c693e0a3c6c6920636c6173733d227665725f6d61735f62656e65666963696f73223e0a202020203c6120636c6173733d226d6f726520616c69676e2d72696768742220687265663d222f70616765732f6c6561726e5f6d6f7265223e566572206d61733c2f613e3c2f6c693e3c2f756c3e3c212d2d3a2d2d3e3c212d2d3a656e2d2d3e3c756c3e0a3c6c693e0a202020203c68323e4b6e6f77206d6f72653c2f68323e0a3c2f6c693e0a3c6c693e0a202020203c703e53656c65636369c3b36e5765622069732074686520726573756c74206f662074686520646576656c6f706d656e74206f66206120706c6174666f726d20322e3020666f72207468652053656c656374696f6e206f72206d6564696174696e672050726573656c656374696f6e206f662048756d616e207265736f75726365732074686520757365206f662061206e657720636f6e636570742e3c2f703e0a3c2f6c693e0a3c6c693e0a202020203c703e54686973206e657720636f6e6365707420646576656c6f7065642062792053656c65636369c3b36e576562206d616b65732073696d706c657220616e6420717569636b6572207468652072656372756974696e67206f662074686520626573742074616c656e7473207265647563696e6720636f73747320616e642074696d652e3c2f703e0a3c2f6c693e0a3c6c6920636c6173733d227665725f6d61735f62656e65666963696f73223e0a202020203c6120636c6173733d226d6f726520616c69676e2d72696768742220687265663d222f73656c7765622f70616765732f6c6561726e5f6d6f7265223e536565206d6f72653c2f613e0a3c2f6c693e0a3c2f756c3e3c212d2d3a2d2d3e3c212d2d3a70742d2d3e3c212d2d3a2d2d3e3c212d2d3a66722d2d3e3c212d2d3a2d2d3e, '0000-00-00 00:00:00', 'layout', '0'),
(27, 1, 'beneficios', 0x3c212d2d3a65732d2d3e3c756c3e0a3c6c693e0a202020203c68323e42656e65666963696f733c2f68323e0a3c2f6c693e0a3c6c693e0a202020203c703e4c6f677261206566696369656e63696120656e20656c2070726f6365736f2053656c65636369c3b36e206f2050726573656c65636369c3b36e206465205265637572736f732048756d616e6f732e3c2f703e3c703e0a3c2f703e3c2f6c693e0a3c6c693e0a202020203c703e41686f727261207469656d706f20792072656475636520636f73746f73206f706572617469766f732e3c2f703e0a3c2f6c693e0a3c6c693e0a202020203c703e466163696c697461206c6120746f6d6120646520646563697369c3b36e20636f6e2073757320636f6c6567617320616c206d6f6d656e746f206465206c6120636f6e74726174616369c3b36e2c206c6f6772616e646f206566696369656e63696120656e20656c2070726f6365736f2e3c2f703e0a3c2f6c693e0a3c6c693e0a202020203c703e53757374697475796520746172656173206d616e75616c65732079207265746f73206c6f67c3ad737469636f7320636f6e20756e612066c3a163696c2061706c6963616369c3b36e2c2053656c65636369c3b36e57656220756e612061706c6963616369c3b36e2070656e736164612070617261206c61207765622e3c2f703e0a3c2f6c693e0a3c6c6920636c6173733d227665725f6d61735f62656e65666963696f73223e0a202020203c6120636c6173733d226d6f726520616c69676e2d72696768742220687265663d222f70616765732f62656e6566697473223e566572206d6173203c2f613e0a3c2f6c693e0a3c2f756c3e0a3c212d2d3a2d2d3e3c212d2d3a656e2d2d3e3c756c3e0a3c6c693e0a202020203c68323e42656e65666974733c2f68323e0a3c2f6c693e0a3c6c693e0a202020203c703e497420616368696576657320656666696369656e637920696e207468652070726f636573732053656c656374696f6e206f722050726573656c656374696f6e206f662048756d616e207265736f75726365732e3c2f703e3c703e0a3c2f703e3c2f6c693e0a3c6c693e0a202020203c703e49742073617665732074696d6520616e642069742072656475636573206f706572617469766520636f7374732e3c2f703e0a3c2f6c693e0a3c6c693e0a202020203c703e497420666163696c697461746573207468652074616b696e67206f66206465636973696f6e207769746820746865697220636f6c6c65616775657320746f20746865206d6f6d656e74206f66207468652072656372756974696e672c20616368696576696e6720656666696369656e637920696e207468652070726f636573732e3c2f703e0a3c2f6c693e0a3c6c693e0a202020203c703e4974207375627374697475746573206d616e75616c207461736b7320616e64206c6f676973746963616c206368616c6c656e676573207769746820616e2065617379206170706c69636174696f6e2c2053656c65636369c3b36e57656220616e206170706c69636174696f6e2074686f7567687420666f7220746865207765622e3c2f703e0a3c2f6c693e0a3c6c6920636c6173733d227665725f6d61735f62656e65666963696f73223e0a202020203c6120636c6173733d226d6f726520616c69676e2d72696768742220687265663d222f70616765732f62656e6566697473223e536565206d6f7265203c2f613e0a3c2f6c693e0a3c2f756c3e0a3c212d2d3a2d2d3e3c212d2d3a70742d2d3e3c756c3e0a3c6c693e0a202020203c68323e42656e65666974733c2f68323e0a3c2f6c693e0a3c6c693e0a202020203c703e497420616368696576657320656666696369656e637920696e207468652070726f636573732053656c656374696f6e206f722050726573656c656374696f6e206f662048756d616e207265736f75726365732e3c2f703e3c703e0a3c2f703e3c2f6c693e0a3c6c693e0a202020203c703e49742073617665732074696d6520616e642069742072656475636573206f706572617469766520636f7374732e3c2f703e0a3c2f6c693e0a3c6c693e0a202020203c703e497420666163696c697461746573207468652074616b696e67206f66206465636973696f6e207769746820746865697220636f6c6c65616775657320746f20746865206d6f6d656e74206f66207468652072656372756974696e672c20616368696576696e6720656666696369656e637920696e207468652070726f636573732e3c2f703e0a3c2f6c693e0a3c6c693e0a202020203c703e4974207375627374697475746573206d616e75616c207461736b7320616e64206c6f676973746963616c206368616c6c656e676573207769746820616e2065617379206170706c69636174696f6e2c2053656c65636369c3b36e57656220616e206170706c69636174696f6e2074686f7567687420666f7220746865207765622e3c2f703e0a3c2f6c693e0a3c6c6920636c6173733d227665725f6d61735f62656e65666963696f73223e0a202020203c6120636c6173733d226d6f726520616c69676e2d72696768742220687265663d222f70616765732f62656e6566697473223e536565206d6f7265203c2f613e0a3c2f6c693e0a3c2f756c3e3c212d2d3a2d2d3e3c212d2d3a66722d2d3e3c212d2d3a2d2d3e, '0000-00-00 00:00:00', 'layout', '0'),
(28, 1, 'como_funciona', 0x3c212d2d3a65732d2d3e3c756c20636c6173733d22636f6d6f5f66756e63696f6e61223e0a3c6c693e0a202020203c68323e436f6d6f2046756e63696f6e613c2f68323e0a3c2f6c693e0a3c6c693e0a202020203c756c20636c6173733d22636f6e74656e745f666f6f7465725f636c69656e7465223e0a20202020202020203c6c693e0a2020202020202020202020203c68323e436c69656e74653c2f68323e0a20202020202020203c2f6c693e0a20202020202020203c6c693e0a2020202020202020202020203c703e4c6520617369676e6120756e206e6f6d6272652061206c6120566964656f2053656c65636369c3b36e2e3c2f703e0a20202020202020203c2f6c693e0a20202020202020203c6c693e0a2020202020202020202020203c703e41726d6120656c206375657374696f6e6172696f2073656c656363696f6e616e646f206f2065736372696269656e646f206c61732070726567756e7461732079206c6f73207469656d706f7320656e2071756520646573656120717565206c6f732063616e64696461746f7320726573706f6e64616e20636164612070726567756e74612e3c2f703e0a20202020202020203c2f6c693e0a20202020202020203c6c693e0a2020202020202020202020203c703e456e76c3ad61206c6120696e766974616369c3b36e20616c2063616e64696461746f2079206c6973746f21212e3c2f703e0a20202020202020203c2f6c693e0a202020203c2f756c3e0a3c2f6c693e0a3c6c693e0a202020203c756c3e0a20202020202020203c6c693e0a2020202020202020202020203c68323e43616e64696461746f3c2f68323e0a20202020202020203c2f6c693e0a20202020202020203c6c693e0a2020202020202020202020203c703e4c6f732063616e64696461746f73206375616e646f207265636962656e20656c206d61696c2c206163657074616e206120616363656465722061206c6120766964656f2073656c65636369c3b36e2e3c2f703e0a20202020202020203c2f6c693e0a20202020202020203c6c693e0a2020202020202020202020203c703e506f7220737520706172746520656c20706f7274616c206c6520696e666f726d6120616c2063616e64696461746f20656c2070756573746f207061726120656c206375616c20766120612070617274696369706172206465206c6120766964656f2073656c65636369c3b36e2e3c2f703e0a20202020202020203c2f6c693e0a20202020202020203c6c693e0a2020202020202020202020203c703e4c6561206174656e74616d656e7465206c617320696e737472756363696f6e657320717565206c6520766120696e646963616e646f20656c20706f7274616c2e3c2f703e0a20202020202020203c2f6c693e0a202020203c2f756c3e0a3c2f6c693e0a3c6c6920636c6173733d227665725f6d61735f62656e65666963696f73223e0a202020203c6120636c6173733d226d6f726520616c69676e2d72696768742220687265663d222f70616765732f686f775f776f726b223e566572206d6173203c2f613e3c2f6c693e3c2f756c3e3c212d2d3a2d2d3e3c212d2d3a656e2d2d3e3c756c20636c6173733d22636f6d6f5f66756e63696f6e61223e0a3c6c693e0a202020203c68323e417320497420576f726b733c2f68323e0a3c2f6c693e0a3c6c693e0a202020203c756c20636c6173733d22636f6e74656e745f666f6f7465725f636c69656e7465223e0a20202020202020203c6c693e0a2020202020202020202020203c68323e437573746f6d65723c2f68323e0a20202020202020203c2f6c693e0a20202020202020203c6c693e0a2020202020202020202020203c703e49742061737369676e732061206e616d6520746f2074686520566964656f2053656c656374696f6e2e3c2f703e0a20202020202020203c2f6c693e0a20202020202020203c6c693e0a2020202020202020202020203c703e49742061726d7320746865207175657374696f6e6e616972652073656c656374696e67206f722077726974696e6720746865207175657374696f6e7320616e64207468652074696d657320696e20746861742068652f7368652077616e74732063616e6469646174657320746f20726573706f6e642065616368207175657374696f6e2e3c2f703e0a20202020202020203c2f6c693e0a20202020202020203c6c693e0a2020202020202020202020203c703e53656e64732074686520696e7669746174696f6e20746f2063616e64696461746520616e642049206c69737421212e3c2f703e0a20202020202020203c2f6c693e0a202020203c2f756c3e0a3c2f6c693e0a3c6c693e0a202020203c756c3e0a20202020202020203c6c693e0a2020202020202020202020203c68323e43616e6469646174653c2f68323e0a20202020202020203c2f6c693e0a20202020202020203c6c693e0a2020202020202020202020203c703e43616e64696461746573207768656e2074686579207265636569766520746865206d61696c2c20746865792061636365707420746f20636f6e73656e7420746f2074686520766964656f2073656c656374696f6e2e3c2f703e0a20202020202020203c2f6c693e0a20202020202020203c6c693e0a2020202020202020202020203c703e4f6e20746865206f746865722068616e642074686520706f7274616c20696e666f726d732063616e6469646174652074686520706f736974696f6e20666f722077686963682077696c6c207061727469636970617465206f662074686520766964656f2073656c656374696f6e2e3c2f703e0a20202020202020203c2f6c693e0a20202020202020203c6c693e0a2020202020202020202020203c703e526561642074686520696e737472756374696f6e732077696c6c20696e6469636174652074686520706f7274616c2e3c2f703e0a20202020202020203c2f6c693e0a202020203c2f756c3e0a3c2f6c693e0a3c6c6920636c6173733d227665725f6d61735f62656e65666963696f73223e0a202020203c6120636c6173733d226d6f726520616c69676e2d72696768742220687265663d222f70616765732f686f775f776f726b223e536565206d6f7265203c2f613e3c2f6c693e3c2f756c3e3c212d2d3a2d2d3e3c212d2d3a70742d2d3e3c212d2d3a2d2d3e3c212d2d3a66722d2d3e3c212d2d3a2d2d3e, '0000-00-00 00:00:00', 'layout', '0'),
(29, 1, 'pt', 0x506f72747567756573, '2011-08-09 19:17:16', 'languages', '0'),
(30, 1, 'copyright', 0x3c212d2d3a65732d2d3e3c7020636c6173733d226d656e735f6465726563686f73223e436f7079726967687420c2a920323031302d32303131203c623e53656c65636369c3b36e5765622e636f6d3c2f623e2e20546f646f73206c6f73206465726563686f732064652070726f70696564616420696e74656c65637475616c20736520656e6375656e7472616e2072657365727661646f732e204c61206d61726361207920737573206c6f676f7320736f6e2070726f706965646164206465203c623e4d6f74696f6e204e65742053524c3c2f623e2e3c2f703e3c212d2d3a2d2d3e3c212d2d3a656e2d2d3e3c7020636c6173733d226d656e735f6465726563686f73223e436f7079726967687420c2a920323031302d32303131203c623e53656c65636369c3b36e5765622e636f6d3c2f623e2e20416c6c2074686520696e74656c6c65637475616c2070726f706572747920726967687473206172652072657365727665642e20546865206d61726b20616e64207468656972206c6f676f736573206172652070726f7065727479206f662020203c623e4d6f74696f6e204e65742053524c3c2f623e2e0a3c2f703e3c212d2d3a2d2d3e3c212d2d3a70742d2d3e3c212d2d3a2d2d3e3c212d2d3a66722d2d3e3c212d2d3a2d2d3e, '0000-00-00 00:00:00', 'layout', '0'),
(31, 1, 'eficiencia', 0x3c212d2d3a65732d2d3e3c6469763e0a202020203c68323e4566696369656e63696120656e2070726f6365736f732064652053656c65636369c3b36e3c2f68323e0a202020203c68333e3c623e5072696d657220706c617461666f726d6120322e303c2f623e2070617261202053656c65636369c3b36e206f2050726573656c65636369c3b36e206465205265637572736f732048756d616e6f73206d656469616e746520656c2075736f20646520756e206e7565766f20636f6e636570746f3c2f68333e0a202020203c68333e3c623e4c6120566964656f2073656c65636369c3b36e2e3c2f623e3c2f68333e0a3c2f6469763e3c212d2d3a2d2d3e3c212d2d3a656e2d2d3e3c6469763e0a202020203c68323e456666696369656e637920696e2070726f636573736573206f662053656c656374696f6e3c2f68323e0a202020203c68333e3c623e466972737420706c6174666f726d20322e303c2f623e20666f722053656c656374696f6e206f72206d6564696174696e672050726573656c656374696f6e206f662048756d616e207265736f75726365732074686520757365206f662061206e657720636f6e636570743c2f68333e0a202020203c68333e3c623e54686520566964656f2073656c656374696f6e2e3c2f623e3c2f68333e0a3c2f6469763e3c212d2d3a2d2d3e3c212d2d3a70742d2d3e3c212d2d3a2d2d3e3c212d2d3a66722d2d3e3c212d2d3a2d2d3e, '0000-00-00 00:00:00', 'banner', '0'),
(32, 1, 'como_fun', 0x3c212d2d3a65732d2d3e436f6d6f2066756e63696f6e613c212d2d3a2d2d3e3c212d2d3a656e2d2d3e417320697420776f726b733c212d2d3a2d2d3e3c212d2d3a70742d2d3e3c212d2d3a2d2d3e3c212d2d3a66722d2d3e3c212d2d3a2d2d3e, '0000-00-00 00:00:00', 'etiqueta', '0'),
(33, 1, 'cliente', 0x3c212d2d3a65732d2d3e436c69656e74653c212d2d3a2d2d3e3c212d2d3a656e2d2d3e436c69656e743c212d2d3a2d2d3e3c212d2d3a70742d2d3e3c212d2d3a2d2d3e3c212d2d3a66722d2d3e3c212d2d3a2d2d3e, '0000-00-00 00:00:00', 'etiqueta', '0'),
(34, 1, 'candidato', 0x3c212d2d3a65732d2d3e43616e64696461746f3c212d2d3a2d2d3e3c212d2d3a656e2d2d3e43616e6469646174653c212d2d3a2d2d3e3c212d2d3a70742d2d3e3c212d2d3a2d2d3e3c212d2d3a66722d2d3e3c212d2d3a2d2d3e, '0000-00-00 00:00:00', 'etiqueta', '0'),
(35, 1, 'consultas', 0x3c212d2d3a65732d2d3e436f6e73756c7461733c212d2d3a2d2d3e3c212d2d3a656e2d2d3e436f6e73756c746174696f6e733c212d2d3a2d2d3e3c212d2d3a70742d2d3e3c212d2d3a2d2d3e3c212d2d3a66722d2d3e3c212d2d3a2d2d3e, '0000-00-00 00:00:00', 'botones', '0'),
(36, 1, 'preguntas_frec', 0x3c212d2d3a65732d2d3e3c756c20636c6173733d2270726567756e7461735f6672656375656e746573223e0a202020203c6c6920636c6173733d227469746c655f70726567756e746173223e0a20202020202020203c68323e50726567756e746173204672656375656e7465733c2f68323e0a202020203c2f6c693e0a202020203c6c693e0a20202020202020203c612069643d227175657374696f6e3122207469746c653d222220687265663d2223223e5175c3a92065732053656c65636369c3b36e5765622e636f6d3f3c2f613e0a20202020202020203c6469762069643d22616e73776572312220636c6173733d22616e7377657220616e7377657231206e6f6e65223e0a2020202020202020202020203c696d6720616c743d2222207372633d222f73656c7765622f696d672f6164642e706e67223e0a2020202020202020202020203c703e0a202020202020202020202020202020203c7374726f6e673e53656c65636369c3b36e5765623c2f7374726f6e673e20657320656c206465736172726f6c6c6f20646520756e6120706c617461666f726d6120656e206c6120576562207061726120717565206c6f7320436c69656e746573207175652073652072656769737472656e206f200a20202020202020202020202020202020736520656e6375656e7472656e207265676973747261646f732c2070756564616e207265616c697a6172203c7374726f6e673e566964656f2053656c65636369c3b36e3c2f7374726f6e673e20646520706572736f6e616c2e0a2020202020202020202020203c2f703e0a20202020202020203c2f6469763e0a202020203c2f6c693e0a202020203c6c693e0a20202020202020203c612069643d227175657374696f6e3222207469746c653d222220687265663d2223223e50617261207175c3a9207469706f20646520656d707265736120657320c3ba74696c20656c20736572766963696f2064652053656c65636369c3b36e5765623f3c2f613e0a20202020202020203c64697620636c6173733d22616e7377657220616e7377657232206e6f6e65223e0a2020202020202020202020203c696d6720616c743d2222207372633d222f73656c7765622f696d672f6164642e706e67223e0a2020202020202020202020203c703e0a20202020202020202020202020202020456c20736572766963696f20717565206272696e6461203c7374726f6e673e53656c65636369c3b36e5765623c2f7374726f6e673e20657320c3ba74696c207061726120746f646f20656c20717565207265717569657261207265616c697a617220756e612070726573656c65636369c3b36e206f200a2020202020202020202020202020202073656c65636369c3b36e20646520706572736f6e616c203c7374726f6e673e73696e20696d706f72746172206c612064696d656e7369c3b36e206465206c6120656d7072657361206e69206c612066696e616c6964616420636f6e206c612071756520736520657374c3a92062757363616e646f200a20202020202020202020202020202020616c2074616c656e746f3c2f7374726f6e673e2e204573746f207365206465626520612071756520656c20436c69656e746520657320717569656e20666f726d756c61206c61732070726567756e746173207920706f7220656c6c6f203c7374726f6e673e616461707461726c61206120737573206e656365736964616465733c2f7374726f6e673e2e200a20202020202020202020202020202020506f72206f74726f206c61646f2c206c61732070726567756e7461732073652070756564656e207265616c697a617220646520666f726d61203c7374726f6e673e616ec3b36e696d613c2f7374726f6e673e2070726573657276616e646f206c61206964656e7469646164206465206c6120656d70726573612068617374612071756520656c200a20202020202020202020202020202020436c69656e7465206c6f206372656120636f6e76656e69656e74652c203c7374726f6e673e656c206c6f676f7469706f2079206461746f732064656c20636c69656e74653c2f7374726f6e673e2073652070756564656e206d6f7374726172207369206465736561206c6f20636f6e74726172696f2e3c62723e3c62723e0a20202020202020202020202020202020457320756e61203c7374726f6e673e68657272616d69656e746120696465616c3c2f7374726f6e673e207061726120636f6e6f6365722061206c6f732063616e64696461746f7320656e203c7374726f6e673e666f726d6120646972656374613c2f7374726f6e673e20616e74657320646520756e61203c7374726f6e673e656e74726576697374612070726573656e6369616c3c2f7374726f6e673e2e3c62723e3c62723e0a202020202020202020202020202020203c7374726f6e673e53656c65636369c3b36e5765623c2f7374726f6e673e2074616d6269c3a96e206573207574696c697a61646f2070617261203c7374726f6e673e6576616c7561723c2f7374726f6e673e206c6f7320636f6e6f63696d69656e746f73207265616c65732064656c203c7374726f6e673e6964696f6d61206465206c6f732063616e64696461746f733c2f7374726f6e673e2c20796120717565206e75657374726f73203c7374726f6e673e436c69656e7465733c2f7374726f6e673e200a2020202020202020202020202020202070756564656e20666f726d756c617220746f646173206f20616c67756e6173206465206c61732070726567756e74617320656e20656c206964696f6d61207175652064657365656e2e0a2020202020202020202020203c2f703e0a20202020202020203c2f6469763e0a202020203c2f6c693e0a202020203c6c693e0a20202020202020203c612069643d227175657374696f6e3322207469746c653d222220687265663d2223223e43c3b36d6f2066756e63696f6e612053656c65636369c3b36e5765623f3c2f613e0a20202020202020203c64697620636c6173733d22616e7377657220616e7377657233206e6f6e65223e0a2020202020202020202020203c696d6720616c743d2222207372633d222f73656c7765622f696d672f6164642e706e67223e0a2020202020202020202020203c703e0a2020202020202020202020202020202050617261207265616c697a617220756e61203c7374726f6e673e566964656f2053656c65636369c3b36e3c2f7374726f6e673e2c20656c20436c69656e746520736f6c616d656e7465206465626572c3a120636f6e74617220636f6e206c61203c7374726f6e673e64697265636369c3b36e20646520636f7272656f20656c65637472c3b36e69636f3c2f7374726f6e673e2064656c206f206465206c6f73203c7374726f6e673e43616e64696461746f733c2f7374726f6e673e207061726120696e76697461726c6f7320612070617274696369706172206465206c61203c7374726f6e673e566964656f2053656c65636369c3b36e3c2f7374726f6e673e2e3c62723e3c62723e0a20202020202020202020202020202020456c203c7374726f6e673e436c69656e74653c2f7374726f6e673e2c20636f6e66656363696f6e612064656e74726f206465206c6120706c617461666f726d6120756e61206c697374612064652070726567756e74617320706172612071756520737573203c7374726f6e673e43616e64696461746f733c2f7374726f6e673e20726573706f6e64616e2e3c62723e3c62723e0a20202020202020202020202020202020437265617220756e61203c7374726f6e673e566964656f2053656c65636369c3b36e3c2f7374726f6e673e206c65732064656d616e64612061206e75657374726f73203c7374726f6e673e436c69656e7465733c2f7374726f6e673e206d656e6f73206465203c7374726f6e673e63696e636f206d696e75746f733c2f7374726f6e673e2e3c62723e3c62723e0a20202020202020202020202020202020506f72207375207061727465206c6f73203c7374726f6e673e43616e64696461746f733c2f7374726f6e673e206465626572c3a16e20726573706f6e646572206c61732070726567756e7461732067726162c3a16e646f6c617320656e20656c20706f7274616c206465203c7374726f6e673e53656c65636369c3b36e5765623c2f7374726f6e673e2e0a2020202020202020202020203c2f703e0a20202020202020203c2f6469763e0a202020203c2f6c693e200a202020203c6c693e0a20202020202020203c612069643d227175657374696f6e3422207469746c653d222220687265663d2223223e5365207075656465206f6274656e657220437572726963756c756d205669746165202f20486f6a61732064652056696461206465206c6f7320706f7374756c616e74657320656e206c612070c3a167696e612064652053656c65636369c3b36e5765623f3c2f613e0a20202020202020203c64697620636c6173733d22616e7377657220616e7377657234206e6f6e65223e0a2020202020202020202020203c696d6720616c743d2222207372633d222f73656c7765622f696d672f6164642e706e67223e0a2020202020202020202020203c703e0a202020202020202020202020202020204c6120706c617461666f726d61203c7374726f6e673e53656c65636369c3b36e5765623c2f7374726f6e673e20667565206465736172726f6c6c61646120c3ba6e6963616d656e74652070617261207265616c697a6172203c7374726f6e673e566964656f2053656c65636369c3b36e3c2f7374726f6e673e2e3c62723e3c62723e0a2020202020202020202020202020202050617261206f6274656e6572203c7374726f6e673e43616e64696461746f733c2f7374726f6e673e207920737573207265737065637469766f7320437572726963756c756d205669746165207520486f6a617320646520566964612c20656c203c7374726f6e673e436c69656e74653c2f7374726f6e673e2c200a202020202020202020202020202020206465626572c3a1207574696c697a6172206c6f73206d6564696f7320686162697475616c65732028706f7274616c65732c207075626c69636163696f6e65732c20636f6e73756c746f7261732c207265666572656e636961732c206574632e292e0a2020202020202020202020203c2f703e0a20202020202020203c2f6469763e0a202020203c2f6c693e0a202020203c6c693e0a20202020202020203c612069643d227175657374696f6e3522207469746c653d222220687265663d2223223e4e6563657369746f20616c67c3ba6e207469706f206465207465636e6f6c6f67c3ad61206176616e7a6164612070617261207573617220657374612068657272616d69656e74613f3c2f613e0a20202020202020203c64697620636c6173733d22616e7377657220616e7377657235206e6f6e65223e0a2020202020202020202020203c696d6720616c743d2222207372633d222f73656c7765622f696d672f6164642e706e67223e0a2020202020202020202020203c703e0a202020202020202020202020202020204e6f2c206375616e646f206465626173207265616c697a617220616c67756e6120656e747265766973746120706f72206d6564696f2064656c20706f7274616c203c7374726f6e673e53656c65636369c3b36e5765623c2f7374726f6e673e2c20736f6c6f206465626572c3a17320636f6e74617220636f6e20756e203c7374726f6e673e636f6d70757461646f723c2f7374726f6e673e20636f6e203c7374726f6e673e43c3a16d617261205765623c2f7374726f6e673e2c20756e203c7374726f6e673e4d696372c3b3666f6e6f3c2f7374726f6e673e2079203c7374726f6e673e636f6e657869c3b36e206120496e7465726e65743c2f7374726f6e673e2e0a2020202020202020202020202020202050756564656e20726573706f6e6465722061206c61732070726567756e7461732064656c203c7374726f6e673e566964656f204375657374696f6e6172696f3c2f7374726f6e673e206465736465203c7374726f6e673e6375616c717569657220636f6d70757461646f723c2f7374726f6e673e2c20656e20737520636173612c2043796265722c206574632e0a2020202020202020202020203c2f703e0a20202020202020203c2f6469763e0a202020203c2f6c693e0a202020203c6c6920636c6173733d227665725f6d61735f70726567756e746173223e0a20202020202020203c6120636c6173733d226d6f726520616c69676e2d72696768742220687265663d222f73656c7765622f70616765732f66617173223e566572206dc3a1733c2f613e2020202020202020202020203c2f6c693e20202020200a3c2f756c3e3c212d2d3a2d2d3e3c212d2d3a656e2d2d3e3c756c20636c6173733d2270726567756e7461735f6672656375656e746573223e0a202020203c6c6920636c6173733d227469746c655f70726567756e746173223e0a20202020202020203c68323e596f752041736b204672657175656e743c2f68323e0a202020203c2f6c693e0a202020203c6c693e0a20202020202020203c612069643d227175657374696f6e3122207469746c653d222220687265663d2223223e5175c3a92065732053656c65636369c3b36e5765622e636f6d3f3c2f613e0a20202020202020203c6469762069643d22616e73776572312220636c6173733d22616e7377657220616e7377657231206e6f6e65223e0a2020202020202020202020203c696d6720616c743d2222207372633d222f73656c7765622f696d672f6164642e706e67223e0a2020202020202020202020203c703e0a202020202020202020202020202020203c7374726f6e673e53656c65636369c3b36e5765623c2f7374726f6e673e20657320656c206465736172726f6c6c6f20646520756e6120706c617461666f726d6120656e206c6120576562207061726120717565206c6f7320436c69656e746573207175652073652072656769737472656e206f200a20202020202020202020202020202020736520656e6375656e7472656e207265676973747261646f732c2070756564616e207265616c697a6172203c7374726f6e673e566964656f2053656c65636369c3b36e3c2f7374726f6e673e20646520706572736f6e616c2e0a2020202020202020202020203c2f703e0a20202020202020203c2f6469763e0a202020203c2f6c693e0a202020203c6c693e0a20202020202020203c612069643d227175657374696f6e3222207469746c653d222220687265663d2223223e50617261207175c3a9207469706f20646520656d707265736120657320c3ba74696c20656c20736572766963696f2064652053656c65636369c3b36e5765623f3c2f613e0a20202020202020203c64697620636c6173733d22616e7377657220616e7377657232206e6f6e65223e0a2020202020202020202020203c696d6720616c743d2222207372633d222f73656c7765622f696d672f6164642e706e67223e0a2020202020202020202020203c703e0a20202020202020202020202020202020456c20736572766963696f20717565206272696e6461203c7374726f6e673e53656c65636369c3b36e5765623c2f7374726f6e673e20657320c3ba74696c207061726120746f646f20656c20717565207265717569657261207265616c697a617220756e612070726573656c65636369c3b36e206f200a2020202020202020202020202020202073656c65636369c3b36e20646520706572736f6e616c203c7374726f6e673e73696e20696d706f72746172206c612064696d656e7369c3b36e206465206c6120656d7072657361206e69206c612066696e616c6964616420636f6e206c612071756520736520657374c3a92062757363616e646f200a20202020202020202020202020202020616c2074616c656e746f3c2f7374726f6e673e2e204573746f207365206465626520612071756520656c20436c69656e746520657320717569656e20666f726d756c61206c61732070726567756e746173207920706f7220656c6c6f203c7374726f6e673e616461707461726c61206120737573206e656365736964616465733c2f7374726f6e673e2e200a20202020202020202020202020202020506f72206f74726f206c61646f2c206c61732070726567756e7461732073652070756564656e207265616c697a617220646520666f726d61203c7374726f6e673e616ec3b36e696d613c2f7374726f6e673e2070726573657276616e646f206c61206964656e7469646164206465206c6120656d70726573612068617374612071756520656c200a20202020202020202020202020202020436c69656e7465206c6f206372656120636f6e76656e69656e74652c203c7374726f6e673e656c206c6f676f7469706f2079206461746f732064656c20636c69656e74653c2f7374726f6e673e2073652070756564656e206d6f7374726172207369206465736561206c6f20636f6e74726172696f2e3c62723e3c62723e0a20202020202020202020202020202020457320756e61203c7374726f6e673e68657272616d69656e746120696465616c3c2f7374726f6e673e207061726120636f6e6f6365722061206c6f732063616e64696461746f7320656e203c7374726f6e673e666f726d6120646972656374613c2f7374726f6e673e20616e74657320646520756e61203c7374726f6e673e656e74726576697374612070726573656e6369616c3c2f7374726f6e673e2e3c62723e3c62723e0a202020202020202020202020202020203c7374726f6e673e53656c65636369c3b36e5765623c2f7374726f6e673e2074616d6269c3a96e206573207574696c697a61646f2070617261203c7374726f6e673e6576616c7561723c2f7374726f6e673e206c6f7320636f6e6f63696d69656e746f73207265616c65732064656c203c7374726f6e673e6964696f6d61206465206c6f732063616e64696461746f733c2f7374726f6e673e2c20796120717565206e75657374726f73203c7374726f6e673e436c69656e7465733c2f7374726f6e673e200a2020202020202020202020202020202070756564656e20666f726d756c617220746f646173206f20616c67756e6173206465206c61732070726567756e74617320656e20656c206964696f6d61207175652064657365656e2e0a2020202020202020202020203c2f703e0a20202020202020203c2f6469763e0a202020203c2f6c693e0a202020203c6c693e0a20202020202020203c612069643d227175657374696f6e3322207469746c653d222220687265663d2223223e43c3b36d6f2066756e63696f6e612053656c65636369c3b36e5765623f3c2f613e0a20202020202020203c64697620636c6173733d22616e7377657220616e7377657233206e6f6e65223e0a2020202020202020202020203c696d6720616c743d2222207372633d222f73656c7765622f696d672f6164642e706e67223e0a2020202020202020202020203c703e0a2020202020202020202020202020202050617261207265616c697a617220756e61203c7374726f6e673e566964656f2053656c65636369c3b36e3c2f7374726f6e673e2c20656c20436c69656e746520736f6c616d656e7465206465626572c3a120636f6e74617220636f6e206c61203c7374726f6e673e64697265636369c3b36e20646520636f7272656f20656c65637472c3b36e69636f3c2f7374726f6e673e2064656c206f206465206c6f73203c7374726f6e673e43616e64696461746f733c2f7374726f6e673e207061726120696e76697461726c6f7320612070617274696369706172206465206c61203c7374726f6e673e566964656f2053656c65636369c3b36e3c2f7374726f6e673e2e3c62723e3c62723e0a20202020202020202020202020202020456c203c7374726f6e673e436c69656e74653c2f7374726f6e673e2c20636f6e66656363696f6e612064656e74726f206465206c6120706c617461666f726d6120756e61206c697374612064652070726567756e74617320706172612071756520737573203c7374726f6e673e43616e64696461746f733c2f7374726f6e673e20726573706f6e64616e2e3c62723e3c62723e0a20202020202020202020202020202020437265617220756e61203c7374726f6e673e566964656f2053656c65636369c3b36e3c2f7374726f6e673e206c65732064656d616e64612061206e75657374726f73203c7374726f6e673e436c69656e7465733c2f7374726f6e673e206d656e6f73206465203c7374726f6e673e63696e636f206d696e75746f733c2f7374726f6e673e2e3c62723e3c62723e0a20202020202020202020202020202020506f72207375207061727465206c6f73203c7374726f6e673e43616e64696461746f733c2f7374726f6e673e206465626572c3a16e20726573706f6e646572206c61732070726567756e7461732067726162c3a16e646f6c617320656e20656c20706f7274616c206465203c7374726f6e673e53656c65636369c3b36e5765623c2f7374726f6e673e2e0a2020202020202020202020203c2f703e0a20202020202020203c2f6469763e0a202020203c2f6c693e200a202020203c6c693e0a20202020202020203c612069643d227175657374696f6e3422207469746c653d222220687265663d2223223e5365207075656465206f6274656e657220437572726963756c756d205669746165202f20486f6a61732064652056696461206465206c6f7320706f7374756c616e74657320656e206c612070c3a167696e612064652053656c65636369c3b36e5765623f3c2f613e0a20202020202020203c64697620636c6173733d22616e7377657220616e7377657234206e6f6e65223e0a2020202020202020202020203c696d6720616c743d2222207372633d222f73656c7765622f696d672f6164642e706e67223e0a2020202020202020202020203c703e0a202020202020202020202020202020204c6120706c617461666f726d61203c7374726f6e673e53656c65636369c3b36e5765623c2f7374726f6e673e20667565206465736172726f6c6c61646120c3ba6e6963616d656e74652070617261207265616c697a6172203c7374726f6e673e566964656f2053656c65636369c3b36e3c2f7374726f6e673e2e3c62723e3c62723e0a2020202020202020202020202020202050617261206f6274656e6572203c7374726f6e673e43616e64696461746f733c2f7374726f6e673e207920737573207265737065637469766f7320437572726963756c756d205669746165207520486f6a617320646520566964612c20656c203c7374726f6e673e436c69656e74653c2f7374726f6e673e2c200a202020202020202020202020202020206465626572c3a1207574696c697a6172206c6f73206d6564696f7320686162697475616c65732028706f7274616c65732c207075626c69636163696f6e65732c20636f6e73756c746f7261732c207265666572656e636961732c206574632e292e0a2020202020202020202020203c2f703e0a20202020202020203c2f6469763e0a202020203c2f6c693e0a202020203c6c693e0a20202020202020203c612069643d227175657374696f6e3522207469746c653d222220687265663d2223223e4e6563657369746f20616c67c3ba6e207469706f206465207465636e6f6c6f67c3ad61206176616e7a6164612070617261207573617220657374612068657272616d69656e74613f3c2f613e0a20202020202020203c64697620636c6173733d22616e7377657220616e7377657235206e6f6e65223e0a2020202020202020202020203c696d6720616c743d2222207372633d222f73656c7765622f696d672f6164642e706e67223e0a2020202020202020202020203c703e0a202020202020202020202020202020204e6f2c206375616e646f206465626173207265616c697a617220616c67756e6120656e747265766973746120706f72206d6564696f2064656c20706f7274616c203c7374726f6e673e53656c65636369c3b36e5765623c2f7374726f6e673e2c20736f6c6f206465626572c3a17320636f6e74617220636f6e20756e203c7374726f6e673e636f6d70757461646f723c2f7374726f6e673e20636f6e203c7374726f6e673e43c3a16d617261205765623c2f7374726f6e673e2c20756e203c7374726f6e673e4d696372c3b3666f6e6f3c2f7374726f6e673e2079203c7374726f6e673e636f6e657869c3b36e206120496e7465726e65743c2f7374726f6e673e2e0a2020202020202020202020202020202050756564656e20726573706f6e6465722061206c61732070726567756e7461732064656c203c7374726f6e673e566964656f204375657374696f6e6172696f3c2f7374726f6e673e206465736465203c7374726f6e673e6375616c717569657220636f6d70757461646f723c2f7374726f6e673e2c20656e20737520636173612c2043796265722c206574632e0a2020202020202020202020203c2f703e0a20202020202020203c2f6469763e0a202020203c2f6c693e0a202020203c6c6920636c6173733d227665725f6d61735f70726567756e746173223e0a20202020202020203c6120636c6173733d226d6f726520616c69676e2d72696768742220687265663d222f73656c7765622f70616765732f66617173223e566572206dc3a1733c2f613e2020202020202020202020203c2f6c693e20202020200a3c2f756c3e3c212d2d3a2d2d3e3c212d2d3a70742d2d3e3c212d2d3a2d2d3e3c212d2d3a66722d2d3e3c212d2d3a2d2d3e, '0000-00-00 00:00:00', 'banner', '0'),
(37, 1, 'testimonios', 0x3c212d2d3a65732d2d3e54657374696d6f6e696f733c212d2d3a2d2d3e3c212d2d3a656e2d2d3e54657374696d6f6e6965733c212d2d3a2d2d3e3c212d2d3a70742d2d3e3c212d2d3a2d2d3e3c212d2d3a66722d2d3e3c212d2d3a2d2d3e, '0000-00-00 00:00:00', 'etiqueta', '0'),
(38, 1, 'ventas', 0x3c212d2d3a65732d2d3e3c68323e56656e74616a6173207920506c616e65733c2f68323e0a3c756c3e0a202020203c6c6920636c6173733d227469746c655f76656e74616a6173223e0a202020202020202053656c65636369c3b36e576562206c65206272696e6461206c6173207369677569656e7465732076656e74616a61733a0a202020203c2f6c693e0a202020203c6c693e0a20202020202020203c7370616e3e41646d696e69737472616369c3b36e20646573646520656c2070616e656c20646520636f6e74726f6c206465206dc3ba6c7469706c657320566964656f2053656c656363696f6e65732e3c2f7370616e3e0a202020203c2f6c693e0a202020203c6c693e0a20202020202020203c7370616e3e4c697374617320636f6e2070726567756e7461732070617261206361646120766964656f2073656c65636369c3b36e20746f74616c6d656e746520706572736f6e616c697a616461733c2f7370616e3e0a202020203c2f6c693e0a202020203c6c693e0a20202020202020203c7370616e3e566572206c617320766964656f2073656c656363696f6e6573206375616e746173207665636573206c6f2064657365652e3c2f7370616e3e0a202020203c2f6c693e0a202020203c6c693e0a20202020202020203c7370616e3e436f6d706172746972206c617320766964656f2073656c656363696f6e657320636f6e207061726573206f20636c69656e7465732e3c2f7370616e3e0a202020203c2f6c693e0a202020203c6c693e0a20202020202020203c7370616e3e59206d75636861732076656e74616a6173206d61732e3c2f7370616e3e0a202020203c2f6c693e0a3c2f756c3e0a3c756c20636c6173733d226d6564696f735f7061676f223e0a202020203c6c6920636c6173733d227469746c655f76656e74616a6173223e0a2020202020202020506f6e656d6f73206120737520646973706f73696369c3b36e206c6f73207369677569656e746573206d6564696f73206465207061676f3a0a202020203c2f6c693e0a202020203c6c693e0a20202020202020203c7370616e3e5061792050616c2c2044696e65726f204d61696c206f20436f6e73756c74656e6f73206f74726173206f7063696f6e65732061203c61207469746c653d222220687265663d226d61696c746f3a76656e7461734073656c656363696f6e7765622e636f6d223e76656e7461734073656c656363696f6e7765622e636f6d3c2f613e3c2f7370616e3e0a202020203c2f6c693e0a3c2f756c3e0a3c212d2d3a2d2d3e3c212d2d3a656e2d2d3e3c68323e416476616e746167657320616e6420506c616e733c2f68323e0a3c756c3e0a202020203c6c6920636c6173733d227469746c655f76656e74616a6173223e0a202020202020202053656c65636369c3b36e576562206c65206272696e6461206c6173207369677569656e7465732076656e74616a61733a0a202020203c2f6c693e0a202020203c6c693e0a20202020202020203c7370616e3e41646d696e69737472616369c3b36e20646573646520656c2070616e656c20646520636f6e74726f6c206465206dc3ba6c7469706c657320566964656f2053656c656363696f6e65732e3c2f7370616e3e0a202020203c2f6c693e0a202020203c6c693e0a20202020202020203c7370616e3e4c697374617320636f6e2070726567756e7461732070617261206361646120766964656f2073656c65636369c3b36e20746f74616c6d656e746520706572736f6e616c697a616461733c2f7370616e3e0a202020203c2f6c693e0a202020203c6c693e0a20202020202020203c7370616e3e566572206c617320766964656f2073656c656363696f6e6573206375616e746173207665636573206c6f2064657365652e3c2f7370616e3e0a202020203c2f6c693e0a202020203c6c693e0a20202020202020203c7370616e3e436f6d706172746972206c617320766964656f2073656c656363696f6e657320636f6e207061726573206f20636c69656e7465732e3c2f7370616e3e0a202020203c2f6c693e0a202020203c6c693e0a20202020202020203c7370616e3e59206d75636861732076656e74616a6173206d61732e3c2f7370616e3e0a202020203c2f6c693e0a3c2f756c3e0a3c756c20636c6173733d226d6564696f735f7061676f223e0a202020203c6c6920636c6173733d227469746c655f76656e74616a6173223e0a2020202020202020506f6e656d6f73206120737520646973706f73696369c3b36e206c6f73207369677569656e746573206d6564696f73206465207061676f3a0a202020203c2f6c693e0a202020203c6c693e0a20202020202020203c7370616e3e5061792050616c2c2044696e65726f204d61696c206f20436f6e73756c74656e6f73206f74726173206f7063696f6e65732061203c61207469746c653d222220687265663d226d61696c746f3a76656e7461734073656c656363696f6e7765622e636f6d223e76656e7461734073656c656363696f6e7765622e636f6d3c2f613e3c2f7370616e3e0a202020203c2f6c693e0a3c2f756c3e0a3c212d2d3a2d2d3e3c212d2d3a70742d2d3e3c212d2d3a2d2d3e3c212d2d3a66722d2d3e3c212d2d3a2d2d3e, '0000-00-00 00:00:00', 'banner', '0');
INSERT INTO `languages` (`id`, `user_id`, `key`, `text`, `created`, `layout`, `active`) VALUES
(39, 1, 'contacto', 0x3c212d2d3a65732d2d3e3c68323e436f6e746163746f3c2f68323e0a3c703e5369206465736561207265636962697220696e666f726d616369c3b36e20736f627265206e75657374726f20736572766963696f2c20636f6d756ec3ad717565736520636f6e206e6f736f74726f7320636f6d706c6574616e646f20656c20666f726d756c6172696f206f20706f72206c6f73207369677569656e746573206d6564696f733a3c2f703e0a3c756c3e0a202020203c6c693e3c68343e436f6e746163746f7320506572736f6e616c65733c2f68343e3c2f6c693e0a202020203c6c693e3c6120687265663d226d61696c746f3a6c7569732e6e696e6e694073656c656363696f6e7765622e636f6d223e6c7569732e6e696e6e694073656c656363696f6e7765622e636f6d3c2f613e3c2f6c693e0a202020203c6c693e3c6120687265663d226d61696c746f3a6d696361656c612e6e696e6e694073656c656363696f6e7765622e636f6d223e6d696361656c612e6e696e6e694073656c656363696f6e7765622e636f6d3c2f613e3c2f6c693e0a3c2f756c3e0a3c756c3e0a202020203c6c693e3c68343e436f6e746163746f7320706f722041726561733c2f68343e3c2f6c693e0a202020200a202020203c6c693e3c6120687265663d226d61696c746f3a696e666f4073656c656363696f6e7765622e636f6d223e696e666f4073656c656363696f6e7765622e636f6d3c2f613e3c2f6c693e0a202020203c6c693e3c6120687265663d226d61696c746f3a76656e7461734073656c656363696f6e7765622e636f6d223e76656e7461734073656c656363696f6e7765622e636f6d3c2f613e3c2f6c693e0a202020203c6c693e3c6120687265663d226d61696c746f3a736f706f7274654073656c656363696f6e7765622e636f6d223e736f706f7274654073656c656363696f6e7765622e636f6d3c2f613e3c2f6c693e0a202020203c6c693e3c6120687265663d226d61696c746f3a636c69656e7465734073656c656363696f6e7765622e636f6d223e636c69656e7465734073656c656363696f6e7765622e636f6d3c2f613e3c2f6c693e0a202020203c6c693e3c6120687265663d226d61696c746f3a63616e64696461746f734073656c656363696f6e7765622e636f6d223e63616e64696461746f734073656c656363696f6e7765622e636f6d3c2f613e3c2f6c693e0a3c2f756c3e0a3c68343e526564657320736f6369616c65733c2f68343e0a3c756c20636c6173733d227265645f736f6369616c223e202020202020202020202020202020202020202020202020202020202020200a20202020203c6c6920636c6173733d22736b797065223e0a20202020202020203c6120687265663d222322207469746c653d22536b697065223e53656c656363696f6e7765623c2f613e0a20202020203c2f6c693e0a20202020203c6c6920636c6173733d226662223e0a20202020202020203c61207461726765743d225f626c616e6b2220687265663d22687474703a2f2f7777772e66616365626f6f6b2e636f6d2f70616765732f53656c65636369c3b36e5765622f31383039303836383532393032303122207469746c653d2266616365626f6f6b223e46616365626f6f6b3c2f613e0a20202020203c2f6c693e0a20202020203c6c6920636c6173733d227477223e0a20202020202020203c61207461726765743d225f626c616e6b2220687265663d22687474703a2f2f747769747465722e636f6d2f73656c656363696f6e77656222207469746c653d2274776974746572223e547769747465723c2f613e0a20202020203c2f6c693e0a20202020203c6c6920636c6173733d22696e223e0a20202020202020203c61207461726765743d225f626c616e6b2220687265663d22687474703a2f2f7777772e6c696e6b6564696e2e636f6d2f636f6d70616e792f73656c656363692d6e77656222207469746c653d224c696e6b6564496e223e4c696e6b6564496e3c2f613e0a20202020203c2f6c693e0a3c2f756c3e0a3c212d2d3a2d2d3e3c212d2d3a656e2d2d3e3c68323e436f6e746163743c2f68323e0a3c703e5369206465736561207265636962697220696e666f726d616369c3b36e20736f627265206e75657374726f20736572766963696f2c20636f6d756ec3ad717565736520636f6e206e6f736f74726f7320636f6d706c6574616e646f20656c20666f726d756c6172696f206f20706f72206c6f73207369677569656e746573206d6564696f733a3c2f703e0a3c756c3e0a202020203c6c693e3c68343e436f6e746163746f7320506572736f6e616c65733c2f68343e3c2f6c693e0a202020203c6c693e3c6120687265663d226d61696c746f3a6c7569732e6e696e6e694073656c656363696f6e7765622e636f6d223e6c7569732e6e696e6e694073656c656363696f6e7765622e636f6d3c2f613e3c2f6c693e0a202020203c6c693e3c6120687265663d226d61696c746f3a6d696361656c612e6e696e6e694073656c656363696f6e7765622e636f6d223e6d696361656c612e6e696e6e694073656c656363696f6e7765622e636f6d3c2f613e3c2f6c693e0a3c2f756c3e0a3c756c3e0a202020203c6c693e3c68343e436f6e746163746f7320706f722041726561733c2f68343e3c2f6c693e0a202020200a202020203c6c693e3c6120687265663d226d61696c746f3a696e666f4073656c656363696f6e7765622e636f6d223e696e666f4073656c656363696f6e7765622e636f6d3c2f613e3c2f6c693e0a202020203c6c693e3c6120687265663d226d61696c746f3a76656e7461734073656c656363696f6e7765622e636f6d223e76656e7461734073656c656363696f6e7765622e636f6d3c2f613e3c2f6c693e0a202020203c6c693e3c6120687265663d226d61696c746f3a736f706f7274654073656c656363696f6e7765622e636f6d223e736f706f7274654073656c656363696f6e7765622e636f6d3c2f613e3c2f6c693e0a202020203c6c693e3c6120687265663d226d61696c746f3a636c69656e7465734073656c656363696f6e7765622e636f6d223e636c69656e7465734073656c656363696f6e7765622e636f6d3c2f613e3c2f6c693e0a202020203c6c693e3c6120687265663d226d61696c746f3a63616e64696461746f734073656c656363696f6e7765622e636f6d223e63616e64696461746f734073656c656363696f6e7765622e636f6d3c2f613e3c2f6c693e0a3c2f756c3e0a3c68343e526564657320736f6369616c65733c2f68343e0a3c756c20636c6173733d227265645f736f6369616c223e202020202020202020202020202020202020202020202020202020202020200a20202020203c6c6920636c6173733d22736b797065223e0a20202020202020203c6120687265663d222322207469746c653d22536b697065223e53656c656363696f6e7765623c2f613e0a20202020203c2f6c693e0a20202020203c6c6920636c6173733d226662223e0a20202020202020203c61207461726765743d225f626c616e6b2220687265663d22687474703a2f2f7777772e66616365626f6f6b2e636f6d2f70616765732f53656c65636369c3b36e5765622f31383039303836383532393032303122207469746c653d2266616365626f6f6b223e46616365626f6f6b3c2f613e0a20202020203c2f6c693e0a20202020203c6c6920636c6173733d227477223e0a20202020202020203c61207461726765743d225f626c616e6b2220687265663d22687474703a2f2f747769747465722e636f6d2f73656c656363696f6e77656222207469746c653d2274776974746572223e547769747465723c2f613e0a20202020203c2f6c693e0a20202020203c6c6920636c6173733d22696e223e0a20202020202020203c61207461726765743d225f626c616e6b2220687265663d22687474703a2f2f7777772e6c696e6b6564696e2e636f6d2f636f6d70616e792f73656c656363692d6e77656222207469746c653d224c696e6b6564496e223e4c696e6b6564496e3c2f613e0a20202020203c2f6c693e0a3c2f756c3e0a3c212d2d3a2d2d3e3c212d2d3a70742d2d3e3c212d2d3a2d2d3e3c212d2d3a66722d2d3e3c212d2d3a2d2d3e, '0000-00-00 00:00:00', 'banner', '0'),
(40, 1, 'contactanos', 0x3c212d2d3a65732d2d3e436f6e74616374616e6f733c212d2d3a2d2d3e3c212d2d3a656e2d2d3e436f6e746163742075733c212d2d3a2d2d3e3c212d2d3a70742d2d3e3c212d2d3a2d2d3e3c212d2d3a66722d2d3e3c212d2d3a2d2d3e, '0000-00-00 00:00:00', 'etiqueta', '0'),
(41, 1, 'nombre', 0x3c212d2d3a65732d2d3e4e6f6d6272653c212d2d3a2d2d3e3c212d2d3a656e2d2d3e4e616d653c212d2d3a2d2d3e3c212d2d3a70742d2d3e3c212d2d3a2d2d3e3c212d2d3a66722d2d3e3c212d2d3a2d2d3e, '0000-00-00 00:00:00', 'form', '0'),
(42, 1, 'empresa', 0x3c212d2d3a65732d2d3e456d70726573613c212d2d3a2d2d3e3c212d2d3a656e2d2d3e436f6d70616e793c212d2d3a2d2d3e3c212d2d3a70742d2d3e3c212d2d3a2d2d3e3c212d2d3a66722d2d3e3c212d2d3a2d2d3e, '0000-00-00 00:00:00', 'form', '0'),
(43, 1, 'email', 0x3c212d2d3a65732d2d3e456d61696c3c212d2d3a2d2d3e3c212d2d3a656e2d2d3e456d61696c3c212d2d3a2d2d3e3c212d2d3a70742d2d3e3c212d2d3a2d2d3e3c212d2d3a66722d2d3e3c212d2d3a2d2d3e, '0000-00-00 00:00:00', 'form', '0'),
(44, 1, 'mensaje', 0x3c212d2d3a65732d2d3e4d656e73616a653c212d2d3a2d2d3e3c212d2d3a656e2d2d3e4d6573736167653c212d2d3a2d2d3e3c212d2d3a70742d2d3e3c212d2d3a2d2d3e3c212d2d3a66722d2d3e3c212d2d3a2d2d3e, '0000-00-00 00:00:00', 'form', '0'),
(45, 1, 'enviar', 0x3c212d2d3a65732d2d3e456e766961723c212d2d3a2d2d3e3c212d2d3a656e2d2d3e53656e643c212d2d3a2d2d3e3c212d2d3a70742d2d3e3c212d2d3a2d2d3e3c212d2d3a66722d2d3e3c212d2d3a2d2d3e, '0000-00-00 00:00:00', 'botones', '0'),
(46, 1, 'apellido', 0x3c212d2d3a65732d2d3e4170656c6c69646f3c212d2d3a2d2d3e3c212d2d3a656e2d2d3e4c617374206e616d653c212d2d3a2d2d3e3c212d2d3a70742d2d3e3c212d2d3a2d2d3e3c212d2d3a66722d2d3e3c212d2d3a2d2d3e, '0000-00-00 00:00:00', 'form', '0'),
(47, 1, 'direccion', 0x3c212d2d3a65732d2d3e44697265636369c3b36e3c212d2d3a2d2d3e3c212d2d3a656e2d2d3e416464726573733c212d2d3a2d2d3e3c212d2d3a70742d2d3e3c212d2d3a2d2d3e3c212d2d3a66722d2d3e3c212d2d3a2d2d3e, '0000-00-00 00:00:00', 'form', '0'),
(48, 1, 'telefono', 0x3c212d2d3a65732d2d3e54656c65666f6e6f3c212d2d3a2d2d3e3c212d2d3a656e2d2d3e54656c6570686f6e653c212d2d3a2d2d3e3c212d2d3a70742d2d3e3c212d2d3a2d2d3e3c212d2d3a66722d2d3e3c212d2d3a2d2d3e, '0000-00-00 00:00:00', 'form', '0'),
(49, 1, 'fecha', 0x3c212d2d3a65732d2d3e4665636861206465206e6163696d69656e746f3c212d2d3a2d2d3e3c212d2d3a656e2d2d3e44617465206f662062697274683c212d2d3a2d2d3e3c212d2d3a70742d2d3e3c212d2d3a2d2d3e3c212d2d3a66722d2d3e3c212d2d3a2d2d3e, '0000-00-00 00:00:00', 'form', '0'),
(50, 1, 'rep_password', 0x3c212d2d3a65732d2d3e5265706574697220636f6e7472617365c3b1613c62723e3c212d2d3a2d2d3e3c212d2d3a656e2d2d3e5265706561742070617373776f72643c212d2d3a2d2d3e3c212d2d3a70742d2d3e3c212d2d3a2d2d3e3c212d2d3a66722d2d3e3c212d2d3a2d2d3e, '0000-00-00 00:00:00', 'form', '0'),
(51, 1, 'nombrec', 0x3c212d2d3a65732d2d3e4e6f6d62726520646520436f6e746163746f3c62723e3c212d2d3a2d2d3e3c212d2d3a656e2d2d3e4e616d65206f6620436f6e746163743c212d2d3a2d2d3e3c212d2d3a70742d2d3e3c212d2d3a2d2d3e3c212d2d3a66722d2d3e3c212d2d3a2d2d3e, '0000-00-00 00:00:00', 'form', '0'),
(52, 1, 'nombree', 0x3c212d2d3a65732d2d3e4e6f6d62726520656d70726573613c62723e3c212d2d3a2d2d3e3c212d2d3a656e2d2d3e4e616d6520636f6d70616e793c212d2d3a2d2d3e3c212d2d3a70742d2d3e3c212d2d3a2d2d3e3c212d2d3a66722d2d3e3c212d2d3a2d2d3e, '0000-00-00 00:00:00', 'form', '0'),
(53, 1, 'password', 0x3c212d2d3a65732d2d3e436f6e7472617365c3b1613c212d2d3a2d2d3e3c212d2d3a656e2d2d3e50617373776f72643c212d2d3a2d2d3e3c212d2d3a70742d2d3e3c212d2d3a2d2d3e3c212d2d3a66722d2d3e3c212d2d3a2d2d3e, '0000-00-00 00:00:00', 'form', '0'),
(54, 1, 'registrate', 0x3c212d2d3a65732d2d3e5265676973747261746520477261746973213c62723e3c212d2d3a2d2d3e3c212d2d3a656e2d2d3e52656769737465722046726565213c212d2d3a2d2d3e3c212d2d3a70742d2d3e3c212d2d3a2d2d3e3c212d2d3a66722d2d3e3c212d2d3a2d2d3e, '0000-00-00 00:00:00', 'etiqueta', '0'),
(55, 1, 'registrarse', 0x3c212d2d3a65732d2d3e3c703e526567697374726172736520656e20656c20706f7274616c206573206d75792073696d706c65207920677261747569746f2e3c2f703e0a3c703e50617261206d61796f7220696e666f726d616369c3b36e20657363726962616e6f732061203c6120687265663d226d61696c746f3a696e666f4073656c656363696f6e7765622e636f6d223e696e666f4073656c656363696f6e7765622e636f6d3c2f613e3c2f703e3c212d2d3a2d2d3e3c212d2d3a656e2d2d3e3c703e5265676973746572206f6e20746865207765627369746520697320766572792073696d706c6520616e6420667265652e3c2f703e0a3c703e50617261206d61796f7220696e666f726d616369c3b36e20657363726962616e6f732061203c6120687265663d226d61696c746f3a696e666f4073656c656363696f6e7765622e636f6d223e696e666f4073656c656363696f6e7765622e636f6d3c2f613e3c2f703e3c212d2d3a2d2d3e3c212d2d3a70742d2d3e3c212d2d3a2d2d3e3c212d2d3a66722d2d3e3c212d2d3a2d2d3e, '0000-00-00 00:00:00', 'banner', '0'),
(56, 1, 'es_un_registro', 0x3c212d2d3a65732d2d3e457320756e20726567697374726f207061726120756e6120656d70726573613c212d2d3a2d2d3e3c212d2d3a656e2d2d3e4974206973206120726567697374726174696f6e20666f72206120636f6d70616e793c212d2d3a2d2d3e3c212d2d3a70742d2d3e3c212d2d3a2d2d3e3c212d2d3a66722d2d3e3c212d2d3a2d2d3e, '0000-00-00 00:00:00', 'botones', '0'),
(57, 1, 'he_leido', 0x3c212d2d3a65732d2d3e4865206c6569646f20792061636570746f206c6f73203c6120636c6173733d226669786564416a6178444f4d57696e646f772220687265663d222f636c69656e74732f766965775f7465726d223e5465726d696e6f73207920636f6e646963696f6e65733c2f613e3c212d2d3a2d2d3e3c212d2d3a656e2d2d3e492068617665207265616420616e6420492061636365707420746865203c6120636c6173733d226669786564416a6178444f4d57696e646f772220687265663d222f636c69656e74732f766965775f7465726d223e5465726d7320616e6420636f6e646974696f6e733c2f613e3c212d2d3a2d2d3e3c212d2d3a70742d2d3e3c212d2d3a2d2d3e3c212d2d3a66722d2d3e3c212d2d3a2d2d3e, '0000-00-00 00:00:00', 'botones', '0'),
(58, 1, 'registrarse', 0x3c212d2d3a65732d2d3e52656769737472617273653c212d2d3a2d2d3e3c212d2d3a656e2d2d3e546f2072656769737465723c212d2d3a2d2d3e3c212d2d3a70742d2d3e3c212d2d3a2d2d3e3c212d2d3a66722d2d3e3c212d2d3a2d2d3e, '0000-00-00 00:00:00', 'botones', '0'),
(59, 1, 'cuit', 0x3c212d2d3a65732d2d3e43554954206465206c6120656d70726573613c212d2d3a2d2d3e3c212d2d3a656e2d2d3e43554954206f662074686520636f6d70616e793c212d2d3a2d2d3e3c212d2d3a70742d2d3e3c212d2d3a2d2d3e3c212d2d3a66722d2d3e3c212d2d3a2d2d3e, '0000-00-00 00:00:00', 'form', '0');
INSERT INTO `languages` (`id`, `user_id`, `key`, `text`, `created`, `layout`, `active`) VALUES
(60, 1, 'terminos', 0x3c212d2d3a65732d2d3e3c68323e54c3a9726d696e6f73207920636f6e646963696f6e65732064652075736f3c2f68323e0a3c6469762069643d227465726d735f636f6e646974696f6e73223e0a202020203c64697620636c6173733d22766f6c7665725f72656722207374796c653d22746578742d616c69676e3a2072696768743b223e0a093c6120687265663d222f636c69656e74732f7265676973746572223e566f6c766572206120526567697374726f3c2f613e202020203c2f6469763e0a202020203c703e0a20202020202020204269656e76656e69646f2061203c7374726f6e673e53656c656363696f6e5765622e636f6d3c2f7374726f6e673e2e20416e7465732064652071756520757374656420656e74726520616c20736974696f207765622028226c612041706c6963616369c3b36e22292c200a2020202020202020686167612075736f2c206f207574696c696365206375616c717569657261206465206c6f7320736572766963696f732028223c7374726f6e673e53656c65636369c3b36e5765622e636f6d3c2f7374726f6e673e22292c20657320696d706f7274616e74652071756520757374656420726576697365200a20202020202020206375696461646f73616d656e7465206c6f732054c3a9726d696e6f732064656c20536572766963696f20282254c3a9726d696e6f7322292e2041646963696f6e616c6d656e74652c20616c67756e61732070c3a167696e6173206573706563c3ad666963617320656e206c61200a202020202020202041706c6963616369c3b36e2070756564656e2066696a61722074c3a9726d696e6f73207920636f6e646963696f6e65732061646963696f6e616c65732c206c6f73206375616c657320657374c3a16e20696e636f72706f7261646f7320656e206c6f732074c3a9726d696e6f732e200a20202020202020204c6f732054c3a9726d696e6f732070756564656e207365722063616d626961646f73206f2061637475616c697a61646f7320656e206375616c7175696572206d6f6d656e746f2c207065726f20757374656420707565646520656e636f6e74726172207369656d707265206c61200a20202020202020207665727369c3b36e206dc3a1732072656369656e746520617175c3ad2e20456e20656c206361736f20646520696e636f6e73697374656e6369617320656e747265206573746f732054c3a9726d696e6f732079206c6120696e666f726d616369c3b36e20696e636c7569646120656e200a20202020202020206f74726f73206d6174657269616c65732c207369656d7072652070726576616c65636572c3a1206c6120696e666f726d616369c3b36e206465206c6f732054c3a9726d696e6f732e0a202020203c2f703e0a202020203c703e0a2020202020202020416c20656e747261722079207574696c697a6172206c612041706c6963616369c3b36e20757374656420696e646963612071756520616365707461206c6f732054c3a9726d696e6f73200a202020202020202079207365206c696d69746120612061637475617220646520636f6e666f726d6964616420636f6e206c6f20616c6cc3ad206573746970756c61646f2e204c61206163657074616369c3b36e200a20202020202020206465206c6f732054c3a9726d696e6f7320637265612076c3ad6e63756c6f206c6567616c20656e7472652075737465642079203c7374726f6e673e53656c65636369c3b36e5765622e636f6d3c2f7374726f6e673e2079207574696c697a6172c3a1200a2020202020202020656c20736572766963696f20736f6c616d656e746520656e20636f6e636f7264616e63696120636f6e206c6f732054c3a9726d696e6f732e205369207469656e652070726567756e74617320736f627265200a20202020202020206c6f732054c3a9726d696e6f732c20636f6e74c3a16374656e6f7320656e203c6120687265663d226d61696c746f3a696e666f4053656c656363696f6e7765622e636f6d223e696e666f4053656c656363696f6e7765622e636f6d3c2f613e2e20456c2075736f206465206c612041706c6963616369c3b36e200a20202020202020207920646520737573206469666572656e74657320736572766963696f7320657374c3a120636f6e646963696f6e61646f20706f72206c6f732054c3a9726d696e6f732e205369207573746564206e6f20657374c3a1200a20202020202020206465206163756572646f20636f6e206c6f732054c3a9726d696e6f732c206e6f2070726f6365646120612061636365646572206c612041706c6963616369c3b36e206f2061207574696c697a617220656c20736572766963696f2e0a202020203c2f703e0a202020203c6f6c3e0a20202020202020203c6c693e0a20202020202020200a2020202020202020202020203c623e54c3a9726d696e6f732064652075736f2064656c20736572766963696f3a3c2f623e204c6120656e747265766973746120656e206c612041706c6963616369c3b36e2c2061206c6120717565207573746564200a202020202020202020202020616363656469c3b320706f722068616265727365207265676973747261646f20636f6d6f20756e612022436f6d7061c3b1c3ad6120456d706c6561646f7261222c206c65207065726d6974652061206c61200a202020202020202020202020436f6d7061c3b1c3ad6120456d706c6561646f726120656e74726576697374617220756e2043616e64696461746f206f204dc3ba6c7469706c65732043616e64696461746f73207574696c697a616e646f200a20202020202020202020202070726567756e74617320656e747265676164617320706f72206c6120436f6d7061c3b1c3ad6120456d706c6561646f72612e20447572616e7465206c6120656e747265766973746120656e206cc3ad6e65612c200a202020202020202020202020656c2043616e64696461746f20726567697374726172c3a120617564696f207920766964656f2028656c2022636f6e74656e69646f22292c20717565206c612041706c6963616369c3b36e20706f6e6472c3a12061200a202020202020202020202020646973706f73696369c3b36e206465206c6120436f6d7061c3b1c3ad6120456d706c6561646f72612e204c6120656e747265766973746120656e203c7374726f6e673e53656c65636369c3b36e5765622e636f6d3c2f7374726f6e673e202864657369676e616461200a2020202020202020202020202275736f2064656c20736572766963696f222920657374c3a120736f6c616d656e746520646973706f6e69626c652070617261206d61796f7265732064652031382061c3b16f7320646520656461642e2041646963696f6e616c6d656e74652c200a20202020202020202020202075737465642063657274696669636120717565206375616c717569657220696e666f726d616369c3b36e207175652075737465642070726f7665612061203c7374726f6e673e53656c65636369c3b36e5765622e636f6d3c2f7374726f6e673e206573207665726461646572612c206578616374612c200a202020202020202020202020766967656e7465207920636f6d706c657461202873656120706f72206c6f73206375657374696f6e6172696f732c206c6f73206578c3a16d656e65732c206c617320666f726d617320646520726567697374726f2075206f74726f73206d6564696f73206465200a202020202020202020202020726571756572696d69656e746f20646520696e666f726d616369c3b36e292e0a20202020202020203c2f6c693e0a20202020202020203c6c693e0a2020202020202020202020203c623e436f6e6475637461206465206c6120436f6d7061c3b1c3ad6120456d706c6561646f72613a3c2f623e20456c20736572766963696f0a202020202020202020202020657374c3a1206573706563c3ad666963616d656e74652064697365c3b161646f2070617261207065726d697469722061206c617320436f6d7061c3b1c3ad61730a202020202020202020202020456d706c6561646f72617320656e7472657669737461722070726f6261626c65732063616e64696461746f73207574696c697a616e646f206c61207465636e6f6c6f67c3ad610a20202020202020202020202064656c20496e7465726e65742079206c61732070726567756e7461732070726f706f7263696f6e6164617320706f72206c617320436f6d7061c3b1c3ad61730a202020202020202020202020456d706c6561646f7261732e20436f6e20657374652066696e2c206c6520726571756572696d6f73206e6f207574696c697a6172206573746520736572766963696f20706172612070726f63657361722c0a202020202020202020202020636f6e7665727469722c207075626c696361722c20616c6d6163656e6172206f20636f6d70617274697220636f6e74656e69646f206469676974616c2070726f68696269646f2e0a202020202020202020202020456c20636f6e74656e69646f2070726f68696269646f20696e636c757965207065726f206e6f207365206c696d6974612061206375616c717569657261206465206c6f73207369677569656e746573207469706f7320646520636f6e74656e69646f3a0a2020202020202020202020203c6f6c20636c6173733d2267726f75705f696e74223e0a202020202020202020202020202020203c6c693e0a202020202020202020202020202020202020202056c3ad64656f20792f6f20617564696f206772616261646f206d69656e747261732071756520736520757361203c7374726f6e673e53656c65636369c3b36e5765622e636f6d3c2f7374726f6e673e0a20202020202020202020202020202020202020207175652061206e75657374726f2070617265636572206573206162757369766f732c20656e6761c3b16f736f732c20706f726e6f6772c3a16669636f2c0a20202020202020202020202020202020202020206f627363656e6f2c20646966616d61746f72696f2c2063616c756d6e696f736f2c206f66656e7369766f732c206f206465206375616c7175696572206d616e65726120696e616465637561646f732e0a202020202020202020202020202020203c2f6c693e0a202020202020202020202020202020203c6c693e0a20202020202020202020202020202020202020204d6174657269616c2070726f74656769646f20706f72206465726563686f73206465206175746f72207920717565207365207574696c697a612073696e20656c0a20202020202020202020202020202020202020207065726d69736f206578707265736f2064656c2070726f706965746172696f20646520646963686f206d6174657269616c2e0a202020202020202020202020202020203c2f6c693e0a202020202020202020202020202020203c6c693e0a2020202020202020202020202020202020202020436f6e74656e69646f207175652076696f6c61206f20757375727061206c6f73206465726563686f73206465206f7472617320706572736f6e61732e0a202020202020202020202020202020203c2f6c693e0a202020202020202020202020202020203c6c693e0a20202020202020202020202020202020202020204375616c7175696572206d6174657269616c206f206172636869766f2071756520636f6e74656e67612076697275732c206f20657374c3a90a2020202020202020202020202020202020202020696e6665637461646f20636f6e2054726f79616e6f73206f206375616c717569657220666f726d612064652063c3b36469676f20636f72727570746f0a202020202020202020202020202020202020202071756520707565646120636f6d70726f6d6574657220656c20736572766963696f206465203c7374726f6e673e53656c65636369c3b36e5765622e636f6d3c2f7374726f6e673e0a202020202020202020202020202020203c2f6c693e0a202020202020202020202020202020203c6c693e0a20202020202020202020202020202020202020204375616c717569657220636f6e74656e69646f207175652070726f6d7565766120616374697669646164657320696c6567616c65732e0a202020202020202020202020202020203c2f6c693e0a202020202020202020202020202020203c6c693e0a20202020202020202020202020202020202020204375616c717569657220636f6e74656e69646f2070656c6967726f736f2070617261206d656e6f7265732064652065646164206465206375616c7175696572206d616e6572612e0a202020202020202020202020202020203c2f6c693e0a202020202020202020202020202020203c6c693e0a20202020202020202020202020202020202020204375616c71756965722076c3ad6e63756c6f206f20636f6e657869c3b36e20636f6e206c6f7320616e746572696f7265732e0a202020202020202020202020202020203c2f6c693e0a2020202020202020202020203c2f6f6c3e0a2020202020202020202020203c703e0a2020202020202020202020202020202053656c65636369c3b36e5765622e636f6d207365207265736572766120656c206465726563686f2064652064657465726d696e617220736920656c20636f6e74656e69646f0a20202020202020202020202020202020657320636f6e74656e69646f2070726f68696269646f2c2079206375616c717569657220636f6e74656e69646f202070756564652073657220736f6d657469646f20610a20202020202020202020202020202020726576697369c3b36e20646520636f6e74656e69646f20656e206375616c7175696572206d6f6d656e746f2e20557374656420616365707461207175650a2020202020202020202020202020202061756e717565203c7374726f6e673e53656c65636369c3b36e5765622e636f6d3c2f7374726f6e673e206e6f206578616d696e61206f0a202020202020202020202020202020206578616d696e6172c3a120746f646f20656c20636f6e74656e69646f20736f6d657469646f2c203c7374726f6e673e53656c65636369c3b36e5765622e636f6d3c2f7374726f6e673e0a202020202020202020202020202020207469656e6520656c206465726563686f206162736f6c75746f20287065726f206e6f206c61206f626c6967616369c3b36e292064652073757072696d69722c0a202020202020202020202020202020206d6f7665722c207920636f727265676972206c6f73206d6174657269616c657320706f72206375616c71756965722072617ac3b36e2c20656e206375616c71756965720a202020202020202020202020202020206d6f6d656e746f20792073696e2070726576696f20617669736f2e0a2020202020202020202020203c2f703e0a2020202020202020202020203c703e412070657361722064656c20616e7465646963686f2c206375616e646f20757374656420696e67726573612061206c612041706c6963616369c3b36e2c200a20202020202020202020202020202020792f6f207574696c697a61203c7374726f6e673e53656c65636369c3b36e5765622e636f6d3c2f7374726f6e673e2c207573746564207265636f6e6f63650a2020202020202020202020202020202079206163657074612071756520746f646f20656c20636f6e74656e69646f2028736561207072697661646f206f2070c3ba626c69636f29207175652073650a2020202020202020202020202020202066696a61207920736520616c6d6163656e6120656e203c7374726f6e673e53656c65636369c3b36e5765622e636f6d3c2f7374726f6e673e206573206c6120726573706f6e736162696c696461640a20202020202020202020202020202020c3ba6e696361206465206c6120706572736f6e612071756520736f6d657469c3b320656c20636f6e74656e69646f2e20506f72206e696e67c3ba6e0a202020202020202020202020202020206d6f7469766f20736520686172c3a120726573706f6e7361626c652061203c7374726f6e673e53656c65636369c3b36e5765622e636f6d3c2f7374726f6e673e0a202020202020202020202020202020206f2061207375732066756e63696f6e6172696f732028696e636c7579656e646f20656d706c6561646f732c2064697265637469766f732c206166696c6961646f732c206167656e7465732c0a2020202020202020202020202020202061736f636961646f732920706f722064656d616e646173206465206375616c7175696572206e61747572616c657a612c206469726563746173206f20696e64697265637461732c0a202020202020202020202020202020207175652074656e67616e206f726967656e206f2072656c616369c3b36e20636f6e206375616c717569657220636f6e74656e69646f20717565206675650a2020202020202020202020202020202070756573746f206120646973706f73696369c3b36e20656e2c206f20612074726176c3a973206465203c7374726f6e673e53656c65636369c3b36e5765622e636f6d3c2f7374726f6e673e2c0a20202020202020202020202020202020696e636c7579656e646f207065726f206e6f206c696d697461646f732061206572726f7265732075206f6d6973696f6e657320656e20636f6e74656e69646f2c20616c0a20202020202020202020202020202020696775616c207175652074616d706f636f20736572c3a1203c7374726f6e673e53656c65636369c3b36e5765622e636f6d3c2f7374726f6e673e206f207375732066756e63696f6e6172696f732c0a20202020202020202020202020202020726573706f6e7361626c6520706f7220792070c3a9726469646173206f206461c3b16f7320696e6375727269646f7320636f6d6f20726573756c7461646f0a2020202020202020202020202020202064656c2075736f2064652074616c20636f6e74656e69646f2e0a2020202020202020202020203c2f703e0a2020202020202020202020203c703e0a202020202020202020202020202020205573746564206163657074612079207265636f6e6f636520717565203c7374726f6e673e53656c65636369c3b36e5765622e636f6d3c2f7374726f6e673e2c0a20202020202020202020202020202020656e2075736f206465207375206469736372656369c3b36e20c3ba6e6963612c207075656465207465726d696e617220656c2075736f0a2020202020202020202020202020202064656c20736572766963696f2028656e20746f646f206f20656e2070617274652920792072656d6f7665722079206465736563686172206375616c71756965720a20202020202020202020202020202020636f6e74656e69646f2c20696e636c7579656e646f207065726f206e6f206c696d697461646f20612c207061727465206f20746f74616c696461642064656c0a20202020202020202020202020202020636f6e74656e69646f2c2020696e666f726d616369c3b36e2c20636f6d756e69636163696f6e65732c206f206375616c7175696572206f74726f0a20202020202020202020202020202020636f6e74656e69646f2064656e74726f206465203c7374726f6e673e53656c65636369c3b36e5765622e636f6d3c2f7374726f6e673e2c20656e0a202020202020202020202020202020206375616c7175696572206d6f6d656e746f2c2073696e2070726576696f20617669736f2c20706f72206375616c71756965722072617ac3b36e2c0a20202020202020202020202020202020696e636c7579656e646f207065726f206e6f206c696d697461646f20613a0a2020202020202020202020203c2f703e3c6f6c20636c6173733d2267726f75705f696e74223e0a202020202020202020202020202020203c6c693e0a2020202020202020202020202020202020202020436f6e64756374612076696f6c61746f72696120646520206573746f732054c3a9726d696e6f732075206f7472617320706f6cc3ad74696361730a20202020202020202020202020202020202020206f20706175746173206469737075657374617320706f72203c7374726f6e673e53656c65636369c3b36e5765622e636f6d3c2f7374726f6e673e0a2020202020202020202020202020202020202020656e206375616c7175696572206c75676172206465206c612041706c6963616369c3b36e2e0a202020202020202020202020202020203c2f6c693e0a202020202020202020202020202020203c6c693e0a2020202020202020202020202020202020202020436f6e647563746120717565203c7374726f6e673e53656c65636369c3b36e5765622e636f6d3c2f7374726f6e673e20636f6e7369646572650a20202020202020202020202020202020202020206461c3b1696e612070617261206f74726f73207573756172696f73206465203c7374726f6e673e53656c65636369c3b36e5765622e636f6d3c2f7374726f6e673e0a20202020202020202020202020202020202020207061726120656c206e65676f63696f206465203c7374726f6e673e53656c65636369c3b36e5765622e636f6d3c2f7374726f6e673e2c0a2020202020202020202020202020202020202020656c206e65676f63696f206465206c6120436f6d7061c3b1c3ad6120456d706c6561646f72612c206f20706172610a202020202020202020202020202020202020202070726f766565646f72657320646520696e666f726d616369c3b36e206f207465726365726173207061727465732e0a202020202020202020202020202020203c2f6c693e0a202020202020202020202020202020203c6c693e0a2020202020202020202020202020202020202020436f6e6475637461207175652076696f6c65206c6f7320656e756e636961646f732079206c61206573656e636961206465206573746f732054c3a9726d696e6f732e0a20202020202020202020202020202020202020204164656dc3a1732075737465642061636570746120717565206e69207573746564206e69206f747261207465726365726120706572736f6e610a2020202020202020202020202020202020202020686172c3a16e20726573706f6e7361626c652061203c7374726f6e673e53656c65636369c3b36e5765622e636f6d3c2f7374726f6e673e0a2020202020202020202020202020202020202020706f72206375616c7175696572207465726d696e616369c3b36e2064652073752061636365736f2061206c612041706c6963616369c3b36e2e0a202020202020202020202020202020203c2f6c693e0a2020202020202020202020203c2f6f6c3e0a2020202020202020202020203c703e0a202020202020202020202020202020204c612041706c6963616369c3b36e2079203c7374726f6e673e53656c65636369c3b36e5765622e636f6d3c2f7374726f6e673e20657374c3a16e0a2020202020202020202020202020202070726f74656769646f7320706f72206c6579657320696e7465726e6163696f6e616c6573206465206465726563686f73206465206175746f72207920706f72206f74726173206c657965732061706c696361626c65732e0a2020202020202020202020202020202055737465642061636570746120717565206375616c71756965722075736f20646520657374612041706c6963616369c3b36e20736520686172c3a10a20202020202020202020202020202020736f6c616d656e746520636f6e20656c2066696e20646520726573706f6e646572206120756e6120696e766974616369c3b36e206c6567c3ad74696d610a202020202020202020202020202020207061726120756e6120656e747265766973746120646520756e6120436f6d7061c3b1c3ad6120456d706c6561646f72612e0a2020202020202020202020202020202055737465642061636570746120717565206e6f20696e74656e746172c3a12020696e6772657361722061206c612041706c6963616369c3b36e0a20202020202020202020202020202020636f6e20656c2070726f70c3b37369746f20646520646573636f6d70696c617220696e666f726d616369c3b36e20636f6e647563656e74650a2020202020202020202020202020202061206c6120637265616369c3b36e20646520756e20736974696f206f20736572766963696f2073696d696c61722e0a2020202020202020202020203c2f703e0a20202020202020203c2f6c693e0a20202020202020203c6c693e0a2020202020202020202020203c623e4175746f72697a616369c3b36e2070617261207574696c697a617220656c20636f6e74656e69646f3a3c2f623e20506172610a20202020202020202020202071756520706f64616d6f7320706f6e657220737520656e7472657669737461206120646973706f73696369c3b36e2064656c2043616e64696461746f2c0a2020202020202020202020203c7374726f6e673e53656c65636369c3b36e5765622e636f6d3c2f7374726f6e673e206e65636573697461206c6f73206465726563686f7320706172610a20202020202020202020202068616365722075736f206465206c61732070726567756e746173206465206c6120656e74726576697374612079206c6120696e666f726d616369c3b36e0a202020202020202020202020717565207573746564206e6f732070726f766565206375616e646f207574696c697a61206c612041706c6963616369c3b36e20286465206163756572646f0a202020202020202020202020636f6e207920636f6e666f726d652061206573746f732054c3a9726d696e6f73292e20506f7220636f6e7369677569656e74652c20636f6d6f20636f6e64696369c3b36e0a2020202020202020202020207061726120656c2075736f206465206c612041706c6963616369c3b36e2c20706f722065737465206d6564696f2c20636f6e6365646520757374656420610a2020202020202020202020203c7374726f6e673e53656c65636369c3b36e5765622e636f6d3c2f7374726f6e673e206465726563686f7320706572706574756f732c20756e6976657273616c65730a20202020202020202020202079206e6f206578636c757369766f73207061726120636f706961722c20657868696269722c206d6f646966696361722c207472616e736d697469722c20646973747269627569720a202020202020202020202020792068616365722074726162616a6f732073756273656375656e74657320646572697661646f73206465207920636f6e206375616c717569657220636f6e74656e69646f0a2020202020202020202020207472616e736d697469646f206f2070726f706f7263696f6e61646f2061206c612041706c6963616369c3b36e20706f722075737465642c20736f6c616d656e74650a202020202020202020202020636f6e20656c2070726f70c3b37369746f20646520656e74726567617220737520656e74726576697374612061206c6f73206c6567c3ad74696d6f730a20202020202020202020202043616e64696461746f732c2079206f6274656e657220646520656c6c6f73206c6120656e747265766973746120656e206cc3ad6e6561207920656e7472656761726c610a202020202020202020202020706f73746572696f726d656e74652061206c6120436f6d7061c3b1c3ad612e205573746564207265636f6e6f63652071756520746f6d6172c3a10a202020202020202020202020746f646173206c6173206d6564696461732072617a6f6e61626c65732070617261207265737472696e676972206c612064697374726962756369c3b36e2064656c0a202020202020202020202020436f6e74656e69646f2c20736f6c616d656e7465206120617175656c6c617320706572736f6e617320717565207469656e656e206c61206c6567c3ad74696d610a2020202020202020202020206e6563657369646164206465207265766973617220656c20436f6e74656e69646f20636f6e20656c2070726f70c3b37369746f206465206576616c75617220656c0a20202020202020202020202043616e64696461746f207061726120756e2070756573746f2064652074726162616a6f2e20557374656420726570726573656e7461207920676172616e74697a6120610a2020202020202020202020203c7374726f6e673e53656c65636369c3b36e5765622e636f6d3c2f7374726f6e673e20717565207573746564206573206c6120706572736f6e61207175652073650a20202020202020202020202072656769737472c3b320656e206c612041706c6963616369c3b36e2e0a20202020202020203c2f6c693e0a20202020202020203c6c693e0a2020202020202020202020203c623e5265636c616d6f20706f72206469736372696d696e616369c3b36e3a3c2f623e20557374656420616365707461207175650a2020202020202020202020207574696c697a6172c3a1206c612041706c6963616369c3b36e20656e20756e6120666f726d612073696d696c61722061206c6120656e74726576697374610a20202020202020202020202043617261206120436172612c20656e20636f6e636f7264616e63696120636f6e206c617320706f6cc3ad746963617320646520737520646570617274616d656e746f2064650a2020202020202020202020205265637572736f732048756d616e6f732079207061726120676172616e74697a617220717565206c6f732063616e64696461746f73206e6f207365616e206469736372696d696e61646f732e0a20202020202020203c2f6c693e0a20202020202020203c6c693e0a2020202020202020202020203c623e52656d697369c3b36e206465736175746f72697a61646120646520636f6e74656e69646f3a3c2f623e20557374656420636f6e7669656e650a202020202020202020202020717565206e6f2072656d69746972c3a120656c20436f6e74656e69646f206f206375616c71756965722070617274652064656c206d69736d6f206578636570746f0a20202020202020202020202061206c617320706572736f6e617320717565207469656e656e20756e206c6567c3ad74696d6f20696e746572c3a97320656e206c6120636f6e74726174616369c3b36e0a20202020202020202020202064656c2043616e64696461746f2e20557374656420616365707461206164656dc3a1732c20717565206e6f2072656d69746972c3a120636f6e74656e69646f0a20202020202020202020202061206e696e67c3ba6e20736974696f2070c3ba626c69636f2074616c20636f6d6f20596f75547562652c204d6f6e737465722c206f206e696e67c3ba6e0a2020202020202020202020206f74726f20736974696f2061206d656e6f732071756520736561206175746f72697a61646f206578706cc3ad636974616d656e746520706f72206c612041706c6963616369c3b36e2e0a20202020202020203c2f6c693e0a20202020202020203c6c693e0a2020202020202020202020203c623e526576656e74612064656c20736572766963696f3a3c2f623e2055737465642061637565726461206e6f20726570726f64756369722c200a2020202020202020202020206475706c696361722c20636f706961722c2076656e6465722c20726576656e646572206f206578706c6f746172206375616c7175696572207061727465206465206c610a20202020202020202020202041706c6963616369c3b36e2c2075736f206465206c612041706c6963616369c3b36e2c206f20656c2061636365736f2061206c610a20202020202020202020202041706c6963616369c3b36e2070617261206375616c71756965722070726f70c3b37369746f20636f6d65726369616c20636f6e2065786365706369c3b36e0a2020202020202020202020206465206c6120637265616369c3b36e20646520656e7472657669737461732c20656e76c3ad6f20646520656e74726576697374617320790a202020202020202020202020726576697369c3b36e20646520726573756c7461646f7320646520656e7472657669737461732c20636f6e20656c2070726f70c3b37369746f0a2020202020202020202020206465206576616c7561722063616e64696461746f73207061726120756e2074726162616a6f206f20636f6e74726174616369c3b36e2e0a20202020202020203c2f6c693e0a20202020202020203c6c693e0a2020202020202020202020203c623e506f6cc3ad7469636120646520507269766163696461643a3c2f623e20526573706574616d6f7320737520707269766163696461642c0a202020202020202020202020792068656d6f7320746f6d61646f206d656469646173206573706563c3ad666963617320706172612070726f74656765726c612e2056656120706f72206661766f720a2020202020202020202020206e75657374726120506f6cc3ad7469636120646520507269766163696461642e0a20202020202020203c2f6c693e0a20202020202020203c6c693e0a2020202020202020202020203c623e4e6567616369c3b36e206465206c6120676172616e74c3ad613a3c2f623e205573746564206163657074612071756520656c2075736f2064656c20736572766963696f0a2020202020202020202020206465203c7374726f6e673e53656c65636369c3b36e5765622e636f6d3c2f7374726f6e673e2065732073752070726f70696f2072696573676f2e0a202020202020202020202020436f6e20746f646f20656c20616c63616e6365207065726d697469646f20706f72206c61206c65792c203c7374726f6e673e53656c65636369c3b36e5765622e636f6d3c2f7374726f6e673e2c0a2020202020202020202020207375732066756e63696f6e6172696f732c206469726563746f7265732c20656d706c6561646f732c2079206167656e746573206e696567616e20746f646173206c617320676172616e74c3ad61732c0a20202020202020202020202074616369746173206f20696d706cc3ad63697461732c20636f6e20726573706563746f20616c20736974696f207920612073752075736f2e0a2020202020202020202020203c7374726f6e673e53656c65636369c3b36e5765622e636f6d3c2f7374726f6e673e206e6f206f667265636520206e696e67756e6120676172616e74c3ad610a2020202020202020202020206f20726570726573656e74616369c3b36e20736f627265206c6120657861637469747564206f207065726665636369c3b36e2064656c0a202020202020202020202020636f6e74656e69646f20646520657374612061706c6963616369c3b36e2c206f2064656c20636f6e74656e69646f206465206375616c717569657220736974696f0a202020202020202020202020776562206c696761646f206120657374612061706c6963616369c3b36e2c2079206e6f206173756d65206e696e67756e6120726573706f6e736162696c696461640a202020202020202020202020706f723a203c623e2869293c2f623e2065717569766f636163696f6e6573206f206572726f7265732c206f20696e65786163746974756465732064656c20636f6e74656e69646f2c203c623e286969293c2f623e206461c3b16f7320636f72706f72616c6573206f206461c3b16f206d6174657269616c2c206465206375616c7175696572200a2020202020202020202020206e61747572616c657a6120636f6d6f20726573756c7461646f2064652073752061636365736f206120792075736f206465206e7565737472612061706c6963616369c3b36e2c203c623e28696969293c2f623e206375616c71756965722061636365736f2061206f2075736f206465736175746f72697a61646f206465206e75657374726f73207365727669646f726573200a20202020202020202020202070726f74656769646f7320792f6f206375616c7175696572207920746f6461206c6120696e666f726d616369c3b36e20706572736f6e616c20792f6f206c6120696e666f726d616369c3b36e2066696e616e636965726120616c6d6163656e61646120656e20656c6c6f732c203c623e286976293c2f623e200a2020202020202020202020206375616c717569657220696e7465727275706369c3b36e206f20636573616369c3b36e206465206c61207472616e736d697369c3b36e2061206f206465736465206e7565737472612061706c6963616369c3b36e2c203c623e2876293c2f623e206375616c7175696572202076697275732c20636162616c6c6f73202074726f79616e6f73206f202073696d696c617265732c206c6f73206375616c6573200a20202020202020202020202070756564656e20736572207472616e736d697469646f732020612074726176c3a973206465206e7565737472612061706c6963616369c3b36e20706f7220756e207465726365726f2c20792f6f203c623e287669293c2f623e206375616c7175696572206572726f722075206f6d697369c3b36e20656e206375616c717569657220636f6e74656e69646f206f206375616c7175696572200a20202020202020202020202070c3a97264696461206f206461c3b16f206465206375616c717569657220636c617365206f6375727269646120656e20636f6d6f20726573756c7461646f206465207375207574696c697a616369c3b36e206465206375616c717569657220636f6e74656e69646f200a20202020202020202020202070756573746f2c20656e766961646f20706f7220636f7272656f20656c65637472c3b36e69636f2c207472616e736d697469646f2c206f206465206f747261206d616e65726120686563686f20646973706f6e69626c652076c3ad61206c6120656e747265766973746120656e203c7374726f6e673e53656c65636369c3b36e5765622e636f6d3c2f7374726f6e673e2e200a2020202020202020202020203c7374726f6e673e53656c65636369c3b36e5765622e636f6d3c2f7374726f6e673e20206e6f206175746f72697a612c206e6f20656e646f73612c206e6f20676172616e74697a612c206e69206173756d650a2020202020202020202020206c6120726573706f6e736162696c69646164206465206375616c71756965722070726f647563746f206f20736572766963696f2020616e756e636961646f2075206f6672656369646f0a202020202020202020202020706f72207465726365726f7320612074726176c3a9732064656c20736572766963696f206465203c7374726f6e673e53656c65636369c3b36e5765622e636f6d3c2f7374726f6e673e0a2020202020202020202020206f206e696e67c3ba6e20736974696f20646520656e6c6163652075206f6672656369646f20656e206c61206d6f64616c696461642064652062616e6e65720a2020202020202020202020206f206375616c7175696572206f747261207075626c6963696461642c2079203c7374726f6e673e53656c65636369c3b36e5765622e636f6d3c2f7374726f6e673e206e6f20746f6d6172612070617274650a2020202020202020202020206f20736572c3a1206465206e696e67756e61206d616e65726120726573706f6e7361626c652064652073757065727669736172206375616c71756965720a2020202020202020202020207472616e7361636369c3b36e20656e7472652075737465642079207465726365726f732070726f766565646f72657320646520736572766963696f7320792f0a2020202020202020202020206f2070726f647563746f732e2020436f6d6f20656e206c6120636f6d70726120646520756e2070726f647563746f206f20736572766963696f20612074726176c3a9730a2020202020202020202020206465206375616c7175696572206d6564696f206f20656e206375616c7175696572206c756761722c2075737465642064656265207365722070726563617669646f20790a20202020202020202020202075736172207375206275656e206a756963696f206375616e646f20736561206170726f706961646f2e0a20202020202020203c2f6c693e0a20202020202020203c6c693e0a2020202020202020202020203c703e3c623e4c696d6974616369c3b36e206465206c6120726573706f6e736162696c696461643a3c2f623e20656e206e696e67c3ba6e206361736f2c0a2020202020202020202020203c7374726f6e673e53656c65636369c3b36e5765622e636f6d3c2f7374726f6e673e202c207375732066756e63696f6e6172696f732c206469726563746f7265732c0a202020202020202020202020656d706c6561646f732c206f206167656e7465732c20736572c3a16e20726573706f6e7361626c657320616e746520757374656420706f72206375616c71756965720a2020202020202020202020206461c3b16f206469726563746f2c20696e6469726563746f2c20666f72747569746f2c20657370656369616c2c2070756e697469766f2c206f206c6f730a2020202020202020202020206461c3b16f7320636f6e73656375656e746573206465206375616c7175696572206e61747572616c657a6120636f6d6f20726573756c7461646f2064650a2020202020202020202020203c623e2869293c2f623e2065717569766f636163696f6e6573206f206572726f7265732c20206f20696e65786163746974756465732064656c20636f6e74656e69646f2c203c623e286969293c2f623e206461c3b16f7320636f72706f72616c6573200a2020202020202020202020206f206461c3b16f206d6174657269616c2c206465206375616c7175696572206e61747572616c657a6120636f6d6f20726573756c7461646f2064652073752061636365736f206120792075736f206465206e756573747261200a20202020202020202020202061706c6963616369c3b36e2c203c623e28696969293c2f623e206375616c71756965722061636365736f2061206f2075736f206465736175746f72697a61646f206465206e75657374726f73207365727669646f7265732070726f74656769646f73200a202020202020202020202020792f6f206375616c7175696572207920746f6461206c6120696e666f726d616369c3b36e20706572736f6e616c20792f6f206c6120696e666f726d616369c3b36e2066696e616e636965726120616c6d6163656e616461200a202020202020202020202020656e20656c6c6f732c203c623e286976293c2f623e206375616c717569657220696e7465727275706369c3b36e206f20636573616369c3b36e206465206c61207472616e736d697369c3b36e2061206f206465736465206e756573747261200a20202020202020202020202061706c6963616369c3b36e2c203c623e2876293c2f623e206375616c7175696572202076697275732c20636162616c6c6f732074726f79616e6f73206f2073696d696c617265732c206c6f73206375616c65732070756564656e20736572207472616e736d697469646f73200a202020202020202020202020612074726176c3a973206465206e7565737472612061706c6963616369c3b36e20706f7220756e207465726365726f2c20792f6f203c623e287669293c2f623e206375616c7175696572206572726f722075206f6d697369c3b36e20656e200a2020202020202020202020206375616c717569657220636f6e74656e69646f206f206375616c71756965722070c3a97264696461206f206461c3b16f206465206375616c717569657220636c617365206f6375727269646120656e20636f6d6f20726573756c7461646f206465200a2020202020202020202020207375207574696c697a616369c3b36e206465206375616c717569657220636f6e74656e69646f2070756573746f2c20656e766961646f20706f7220636f7272656f20656c65637472c3b36e69636f2c207472616e736d697469646f2c206f206465200a2020202020202020202020206f747261206d616e65726120686563686f20646973706f6e69626c652076c3ad61206c6120656e747265766973746120656e2053656c65636369c3b36e5765622e636f6d2c207961207365616e20736f706f727461646f7320706f72200a202020202020202020202020676172616e74c3ad612c20636f6e747261746f2c206167726176696f2c206f206375616c7175696572206f7472612074656f72c3ad61206c6567616c2c20792061756e717565206c6120636f6d7061c3b1c3ad61200a20202020202020202020202074656e676120636f6e6f63696d69656e746f206465206c6120706f736962696c696461642064652074616c6573206461c3b16f732e204c61206c696d6974616369c3b36e206465206c6120726573706f6e736162696c69646164200a202020202020202020202020707265636564656e74652073652061706c69636172c3a120636f6e20746f646f20656c20616c63616e6365206465206c61206c657920656e206c61206a757269736469636369c3b36e20636f72726573706f6e6469656e74652e0a2020202020202020202020203c2f703e0a2020202020202020202020203c703e0a2020202020202020202020205573746564207265636f6e6f6365206573706563c3ad666963616d656e746520717565203c7374726f6e673e53656c65636369c3b36e5765622e636f6d3c2f7374726f6e673e20206e6f20736572c3a120726573706f6e7361626c65200a202020202020202020202020706f72206c61732070726f70756573746173206465206c6f73207573756172696f73206f206c6120636f6e647563746120646966616d61746f7269612c206f66656e736976612c206f20696c6567616c206465206375616c7175696572207465726365726f207920656c200a20202020202020202020202072696573676f206375616c7175696572206461c3b16f206f206d656e6f736361626f20636f6d6f20636f6e73656375656e636961206465206c6f7320616e746572696f72657320726563616520656e746572616d656e746520656e2075737465642e0a2020202020202020202020203c2f703e0a2020202020202020202020203c703e0a2020202020202020202020204c612041706c6963616369c3b36e20657320636f6e74726f6c61646120706f72204d6f74696f6e204e657420532e522e4c2e20646573646520737573206f666963696e617320656e2067617363c3b36e2032363120316572207069736f20446570746f2e200a202020202020202020202020442043697564616420617574c3b36e6f6d61206465204275656e6f732041697265732e202053656c65636369c3b36e5765622e636f6d206e6f206173756d65206e692070726f636c616d6120717565206c612041706c6963616369c3b36e200a202020202020202020202020736561206170726f7069616461206f20657374c3a920646973706f6e69626c6520656e206f74726f73206c7567617265732e204c6f7320717565207469656e656e2061636365736f206f207574696c697a616e20612053656c65636369c3b36e5765622e636f6d200a2020202020202020202020206465736465206f74726173206a7572697364696363696f6e657320686163656e206173c3ad2071756520656e2073752070726f70696120766f6c696369c3b36e207920736f6e20726573706f6e7361626c657320646520636f6e666f726d69646164200a202020202020202020202020636f6e206c6173206c65796573206c6f63616c65732e0a2020202020202020202020203c2f703e0a20202020202020203c2f6c693e0a20202020202020203c6c693e0a2020202020202020202020203c623e496e64656d6e697a616369c3b36e3a3c2f623e2055737465642061636570746120646566656e6465722c20696e64656d6e697a61720a20202020202020202020202079206d616e74656e65722066756572612064652070656c6967726f2061203c7374726f6e673e53656c65636369c3b36e5765622e636f6d3c2f7374726f6e673e2c0a20202020202020202020202073757320736f63696f732c2066756e63696f6e6172696f732c2064697265637469766f732c20656d706c6561646f732079206167656e7465732020636f6e747261206375616c71756965720a2020202020202020202020207469706f2064652064656d616e64612c206461c3b16f732c206f626c69676163696f6e65732c2070c3a97264696461732c20726573706f6e736162696c6964616465732c0a202020202020202020202020636f73746f73206f206465756461732c207920636f73746f73202871756520696e636c7579656e207065726f207365206c696d6974616e2061206c6f7320686f6e6f726172696f730a20202020202020202020202064656c2061626f6761646f2920717565207365206465726976616e2064653a203c623e2869293c2f623e2073752075736f20792061636365736f206c612041706c6963616369c3b36e206465203c7374726f6e673e53656c65636369c3b36e5765622e636f6d3c2f7374726f6e673e3b203c623e286969293c2f623e200a20202020202020202020202073752076696f6c616369c3b36e206465206375616c71756965722074c3a9726d696e6f206465206573746f732054c3a9726d696e6f732064656c20536572766963696f3b203c623e28696969293c2f623e2073752076696f6c616369c3b36e206465206375616c7175696572200a2020202020202020202020206465726563686f206465207465726365726f732c20696e636c7579656e646f2073696e206c696d6974616369c3b36e20616c67756e612076696f6c616369c3b36e2061206c6f73206465726563686f73206465206175746f722c2070726f7069656461642079206465726563686f2061206c6120707269766163696461643b206f200a2020202020202020202020203c623e286976293c2f623e206375616c7175696572207265636c616d616369c3b36e2064652071756520737520636f6e74656e69646f206861206361757361646f206461c3b16f732061207465726365726f732e200a20202020202020202020202045737461206f626c6967616369c3b36e2061206c6120646566656e7361206520696e64656d6e697a616369c3b36e2c2070726576616c65636572c3a10a2020202020202020202020206573746f732054c3a9726d696e6f732064656c20536572766963696f20792073752075736f206465206c612041706c6963616369c3b36e20656e0a2020202020202020202020203c7374726f6e673e53656c65636369c3b36e5765622e636f6d3c2f7374726f6e673e0a20202020202020203c2f6c693e0a20202020202020203c6c693e0a2020202020202020202020203c623e43617061636964616420646520616365707461722074c3a9726d696e6f732064656c20736572766963696f3a3c2f623e0a202020202020202020202020557374656420616669726d61207175652c206f207469656e65206dc3a1732064652031382061c3b16f7320646520656461642c206f2065730a202020202020202020202020756e206d656e6f72206465206564616420656d616e63697061646f2c206f207469656e6520636f6e73656e74696d69656e746f2064652073757320706164726573206f0a202020202020202020202020677561726469c3a16e206c6567616c2c207920657320636f6d706c6574616d656e746520636170617a207920636f6d706574656e746520646520616365707461720a2020202020202020202020206c6f732074c3a9726d696e6f732c206c617320636f6e646963696f6e65732c206c6173206f626c69676163696f6e65732c206c617320616669726d6163696f6e65732c0a2020202020202020202020206c617320726570726573656e746163696f6e65732c2079206c617320676172616e74c3ad6173206469737075657374617320656e206573746f732054c3a9726d696e6f730a20202020202020202020202064656c20536572766963696f2c207920736520617469656e65207920636f6d70726f6d65746520612063756d706c697220636f6e2054c3a9726d696e6f730a20202020202020202020202064656c20536572766963696f2e205369207573746564206573206d656e6f722064652031382061c3b16f7320646520656461642c20706f72206661766f720a2020202020202020202020206e6f207574696c696365206c6120656e7472657669737461206465203c7374726f6e673e53656c65636369c3b36e5765622e636f6d3c2f7374726f6e673e0a20202020202020203c2f6c693e0a20202020202020203c6c693e0a2020202020202020202020203c623e53657369c3b36e3a3c2f623e204573746f732054c3a9726d696e6f732064656c20536572766963696f2c0a2020202020202020202020207920746f646f73206c6f73206465726563686f732079206c6963656e6369617320636f6e6365646964617320617175c3ad2c206e6f2073652070756564656e0a2020202020202020202020207472616e736665726972206f20636564657220706f722075737465642c207065726f2073652070756564656e207365722063656469646f7320706f720a2020202020202020202020203c7374726f6e673e53656c65636369c3b36e5765622e636f6d3c2f7374726f6e673e2073696e206e696e67756e6120726573747269636369c3b36e2e0a20202020202020203c2f6c693e0a20202020202020203c6c693e0a2020202020202020202020203c623e47656e6572616c3a3c2f623e20557374656420616365707461207175653a203c623e2869293c2f623e206c6120656e747265766973746120656e203c7374726f6e673e53656c65636369c3b36e5765622e636f6d3c2f7374726f6e673e20736572c3a1200a202020202020202020202020636f6e636570747561646120736f6c616d656e746520656e20417267656e74696e612079203c623e286969293c2f623e206c6120656e747265766973746120656e203c7374726f6e673e53656c65636369c3b36e5765622e636f6d3c2f7374726f6e673e20736572c3a1200a202020202020202020202020636f6e736964657261646120636f6d6f20756e20736974696f205765622070617369766f20717565206e6f206461206c756761722061206a757269736469636369c3b36e20706572736f6e616c20736f627265203c7374726f6e673e53656c65636369c3b36e5765622e636f6d3c2f7374726f6e673e20796120736561200a2020202020202020202020206573706563c3ad66696361206f2067656e6572616c2c206f74726173206a7572697364696363696f6e65732c206578636570746f20656e20417267656e74696e612e200a2020202020202020202020204573746f732054c3a9726d696e6f732064656c20536572766963696f20736572c3a16e20676f6265726e61646f7320706f72206c6173206c657965730a2020202020202020202020207375627374616e746976617320696e7465726e617320646520417267656e74696e612e204375616c7175696572207265636c616d616369c3b36e206f20646973707574610a202020202020202020202020656e7472652075737465642079203c7374726f6e673e53656c65636369c3b36e5765622e636f6d3c2f7374726f6e673e20646572697661646120656e20746f646f0a2020202020202020202020206f20656e207061727465206465206c6120656e747265766973746120656e203c7374726f6e673e53656c65636369c3b36e5765622e636f6d3c2f7374726f6e673e0a202020202020202020202020736572c3a120646972696d69646120746f74616c206f207061726369616c6d656e746520706f7220756e206a757a6761646f20636f6d706574656e74652064650a2020202020202020202020206c61206a757269736469636369c3b36e2064652020417267656e74696e612e20204573746f732054c3a9726d696e6f732c206a756e746f0a202020202020202020202020636f6e206c6120706f6cc3ad74696361206465207072697661636964616420656e20506f6cc3ad7469636120646520507269766163696461640a20202020202020202020202079206375616c7175696572206f74726f20617669736f206c6567616c207075626c696361646f20706f72203c7374726f6e673e53656c65636369c3b36e5765622e636f6d3c2f7374726f6e673e2c0a202020202020202020202020636f6e73746974756972c3a120656c206163756572646f20656e7465726f20656e7472652075737465642079203c7374726f6e673e53656c65636369c3b36e5765622e636f6d3c2f7374726f6e673e0a2020202020202020202020207265666572656e746520616c20736572766963696f20646520656e7472657669737461206465203c7374726f6e673e53656c65636369c3b36e5765622e636f6d3c2f7374726f6e673e0a202020202020202020202020536920616c67756e6120646973706f73696369c3b36e206465206573746f732054c3a9726d696e6f732064656c20536572766963696f2065730a2020202020202020202020206a757a6761646120696e76c3a16c69646120706f7220756e6120636f727465206465206c61206a757269736469636369c3b36e20636f6d706574656e74652c0a2020202020202020202020206c6120696e76616c6964657a2064652074616c20646973706f73696369c3b36e206e6f2061666563746172c3a1206c612076616c6964657a0a2020202020202020202020206465206c61732070726f766973696f6e65732072657374616e746573206465206573746f732054c3a9726d696e6f732064656c20536572766963696f2c0a2020202020202020202020206c6f73206375616c6573207065726d616e65636572c3a16e20656e207669676f7220792065666563746f2e204e6f207365206a757a676172c3a10a2020202020202020202020206e696e67756e612072656e756e636961206465206e696e67c3ba6e2074c3a9726d696e6f206465206573746f732054c3a9726d696e6f730a20202020202020202020202064656c20536572766963696f2079206c6120636f6e74696e75616369c3b36e206465206c61202072656e756e6369612064652074616c2074c3a9726d696e6f0a2020202020202020202020206f206465206375616c7175696572206f74726f2074c3a9726d696e6f2c2079206c612066616c7461206465203c7374726f6e673e53656c65636369c3b36e5765622e636f6d3c2f7374726f6e673e0a20202020202020202020202064652068616365722076616c6572206375616c71756965722074c3a9726d696e6f206465206573746f732054c3a9726d696e6f732064656c0a202020202020202020202020736572766963696f206e6f20636f6e73746974756972c3a120756e612072656e756e6369612064652074616c206465726563686f206f20646973706f73696369c3b36e2e0a2020202020202020202020203c7374726f6e673e53656c65636369c3b36e5765622e636f6d3c2f7374726f6e673e207365207265736572766120656c206465726563686f20646520656e6d656e6461720a2020202020202020202020206573746f732054c3a9726d696e6f732064656c20536572766963696f20656e206375616c7175696572206d6f6d656e746f20792073696e2070726576696f20617669736f2c0a2020202020202020202020207920657320737520726573706f6e736162696c696461642072657669736172206573746f732054c3a9726d696e6f732064656c20536572766963696f20706f720a2020202020202020202020206375616c71756965722063616d62696f2e20456c2075736f207175652075737465642068616761206465206c6120656e7472657669737461206465203c7374726f6e673e53656c65636369c3b36e5765622e636f6d3c2f7374726f6e673e0a2020202020202020202020206465737075c3a973206465206375616c717569657220656e6d69656e6461206465206573746f732054c3a9726d696e6f732064656c20536572766963696f0a2020202020202020202020207369676e696669636172c3a120737520636f6e73656e74696d69656e746f2079206163657074616369c3b36e206465206c6f732054c3a9726d696e6f730a202020202020202020202020726576697361646f732e205573746564206163657074612c20207175652073696e20696d706f72746172206375616c717569657220657374617475746f206f206c65790a202020202020202020202020717565206c6f20636f6e747261646967612c206375616c71756965722064656d616e6461206f207265636c616d6f206120636175736120206f2072656c6163696f6e61646f0a202020202020202020202020636f6e20656c2075736f206465206c612041706c6963616369c3b36e206f206465206c6f732054c3a9726d696e6f7320736520646562650a202020202020202020202020696e746572706f6e65722064656e74726f2064656c207369677569656e7465202831292061c3b16f2061206c61206665636861206465206f63757272656e6369610a2020202020202020202020206f20736572c3a12070617261207369656d707265206578636c756964612e0a20202020202020203c2f6c693e0a20202020202020203c6c693e0a2020202020202020202020203c623e4d6f6469666963616369c3b36e2064652074c3a9726d696e6f733a3c2f623e0a20202020202020202020202055737465642061636570746120717565203c7374726f6e673e53656c65636369c3b36e5765622e636f6d3c2f7374726f6e673e20736520726573657276610a202020202020202020202020656c206465726563686f20646520656e6d656e646172206c6f732054c3a9726d696e6f7320656e206375616c7175696572206d6f6d656e746f2c20706f720a2020202020202020202020206375616c71756965722072617ac3b36e2c20792073696e2070726576696f20617669736f2c20696e636c7579656e646f20656c206465726563686f2064650a2020202020202020202020207465726d696e617220656c20736572766963696f206f206375616c71756965722070617274652064656c206d69736d6f2e204375616c717569657220656e6d69656e64610a2020202020202020202020206f206d6f6469666963616369c3b36e20686563686120706f72203c7374726f6e673e53656c65636369c3b36e5765622e636f6d3c2f7374726f6e673e20736572c3a10a202020202020202020202020686163696120656c2066757475726f20736f6c616d656e74652e0a20202020202020203c2f6c693e0a20202020202020203c6c693e0a2020202020202020202020203c623e446976756c67616369c3b36e2064652076696f6c6163696f6e65733a3c2f623e0a202020202020202020202020557374656420707565646520646976756c67617220656c20616275736f206465206573746f732054c3a9726d696e6f732061203c6120687265663d226d61696c746f3a736f706f7274654053656c656363696f6e5765622e636f6d223e736f706f7274654053656c656363696f6e5765622e636f6d3c2f613e0a20202020202020203c2f6c693e0a202020203c2f6f6c3e0a0a202020203c7374726f6e673e53656c65636369c3b36e7765622e636f6d3c2f7374726f6e673e20657320756e20736572766963696f2064653a3c62723e0a202020204d6f74696f6e204e65742053524c3c62723e0a2020202047617363c3b36e20323631203c62723e0a2020202043697564616420417574c3b36e6f6d61206465204275656e6f73204169726573203f2043c3b3642e20506f7374616c20313138313c62723e0a2020202052657075626c69636120417267656e74696e612e3c62723e0a202020203c6120687265663d226d61696c746f3a696e666f4073656c656363696f6e7765622e636f6d223e696e666f4073656c656363696f6e7765622e636f6d3c2f613e0a202020203c64697620636c6173733d22766f6c7665725f72656722207374796c653d22746578742d616c69676e3a2072696768743b223e0a20202020093c6120687265663d222f636c69656e74732f7265676973746572223e566f6c766572206120526567697374726f3c2f613e202020203c2f6469763e0a3c2f6469763e3c212d2d3a2d2d3e3c212d2d3a656e2d2d3e3c68323e5465726d7320616e642075736520636f6e646974696f6e733c2f68323e0a3c6469762069643d227465726d735f636f6e646974696f6e73223e0a202020203c64697620636c6173733d22766f6c7665725f72656722207374796c653d22746578742d616c69676e3a2072696768743b223e0a093c6120687265663d222f73656c7765622f636c69656e74732f7265676973746572223e4261636b20746f2052656769737472793c2f613e202020203c2f6469763e0a202020203c703e0a202020202020202057656c636f6d6520746f203c7374726f6e673e2053656c656363696f6e5765622e636f6d3c2f7374726f6e673e2e204265666f726520796f7520656e7465722074686520776562736974652028224170706c69636174696f6e22292c200a20202020202020206d616b65207573652c206f722075736520616e792073657276696365732028223c7374726f6e673e53656c65636369c3b36e5765622e636f6d3c2f7374726f6e673e22292c20697420697320696d706f7274616e742074686174200a796f75207265766965770a20202020202020205465726d73206f662073657276696365206361726566756c6c792028225465726d7322292e20496e206164646974696f6e2c207370656369666963207061676573206f6e0a2020202020202020204170706c69636174696f6e206d617920736574206164646974696f6e616c207465726d7320616e6420636f6e646974696f6e732c2077686963682061726520696e636f72706f726174656420696e20746865207465726d732e0a202020202020202020546865205465726d73206d6179206265206368616e676564206f72207570646174656420617420616e792074696d652c2062757420796f752063616e20616c776179732066696e64207468650a2020202020202020206c61746573742076657273696f6e20686572652e20496e207468652063617365206f6620696e636f6e73697374656e63696573206265747765656e207468657365205465726d7320616e6420696e666f726d6174696f6e20696e636c7564656420696e0a2020202020202020206f74686572206d6174657269616c732c2074686520696e666f726d6174696f6e2077696c6c20616c77617973207072657661696c205465726d732e0a202020203c2f703e0a202020203c703e0a2020202020202020427920656e746572696e6720616e64207573696e6720746865206170706c69636174696f6e20796f7520696e646963617465207468617420796f7520616772656520746f20746865205465726d730a202020202020202020616e64206d6572656c7920616374696e6720696e206163636f7264616e63652077697468207468652070726f766973696f6e732074686572652e20616363657074616e63650a2020202020202020205465726d73206372656174652061206c6567616c20626f6e64206265747765656e20796f7520616e64203c7374726f6e673e53656c65636369c3b36e5765622e636f6d3c2f7374726f6e673e20616e64207573652074686520536572766963657320206f6e6c7920696e206163636f7264616e6365207769746820746865205465726d732e20496620796f752068617665207175657374696f6e732061626f757420746865205465726d732c20706c6561736520636f6e74616374207573206174203c6120687265663d226d61696c746f3a696e666f4053656c656363696f6e7765622e636f6d223e696e666f4053656c656363696f6e7765622e636f6d3c2f613e2e2054686520757365206f6620746865204170706c69636174696f6e20616e642069747320766172696f757320736572766963657320697320636f6e646974696f6e656420627920746865205465726d732e20496620796f7520646f206e6f74206167726565207769746820746865205465726d732c20646f206e6f742070726f6365656420746f2061636365737320746865206170706c69636174696f6e206f72207573652074686520736572766963652e0a202020203c2f703e0a202020203c6f6c3e0a20202020202020203c6c693e0a20202020202020200a2020202020202020202020203c623e5465726d73206f6620536572766963653a203c2f623e2054686520696e7465727669657720696e20746865204170706c69636174696f6e2c20776869636820796f750a2020202020202020202020202061677265656420746f206265207265676973746572656420617320616e2022456d706c6f79657220436f6d70616e79222c20616c6c6f77732074686520656d706c6f79657220636f6d70616e79206f7220612043616e64696461746520696e74657276696577206d756c7469706c652063616e64696461746573207573696e67207175657374696f6e73207375626d69747465642062792074686520656d706c6f79696e6720636f6d70616e792e20447572696e6720746865206f6e6c696e6520696e746572766965772c207468652063616e646964617465207265636f726420617564696f20616e6420766964656f20287468652022436f6e74656e742229207468617420746865206170706c69636174696f6e206d616465203f3f20617661696c61626c6520746f2074686520656d706c6f79696e6720636f6d70616e792e2054686520696e7465727669657720203c7374726f6e673e53656c65636369c3b36e5765622e636f6d3c2f7374726f6e673e200a2864657369676e6174656420227573652074686520736572766963652229206973206f6e6c7920617661696c61626c6520666f722031382079656172732e204164646974696f6e616c6c792c20796f752063657274696679207468617420616e7920696e666f726d6174696f6e20796f752070726f7669646520746f203c7374726f6e673e53656c65636369c3b36e5765622e636f6d3c2f7374726f6e673e20697320747275652c2061636375726174652c2063757272656e7420616e6420636f6d706c657465202877686574686572206279207175657374696f6e6e61697265732c2074657374732c20726567697374726174696f6e20666f726d73206f72206f74686572206d65616e73206f6620696e666f726d6174696f6e2072657175657374292e0a20202020202020203c2f6c693e0a20202020202020203c6c693e0a2020202020202020202020203c623e436f6e64756374206f662074686520436f6d70616e7920456d706c6f7965723a3c2f623e205468652073657276696365206973207370656369666963616c6c792064657369676e656420746f20616c6c6f7720656d706c6f7965727320737572766579656420636f6d70616e696573206c696b656c792063616e64696461746573207573696e6720496e7465726e657420746563686e6f6c6f677920616e6420746865207175657374696f6e732070726f76696465642062792074686520656d706c6f79696e6720636f6d70616e792e20546f207468697320656e642c207765207265717569726520796f75206e6f7420746f207573652074686973207365727669636520746f2070726f636573732c20636f6e766572742c207075626c6973682c2073746f7265206f72207368617265206469676974616c20636f6e74656e742070726f686962697465642e0a2020202020202020202020202050726f6869626974656420636f6e74656e7420696e636c7564657320627574206973206e6f74206c696d6974656420746f20616e79206f662074686520666f6c6c6f77696e67207479706573206f6620636f6e74656e743a0a2020202020202020202020203c6f6c20636c6173733d2267726f75705f696e74223e0a202020202020202020202020202020203c6c693e0a2020202020202020202020202020202020202020566964656f20616e642f6f72207265636f7264656420617564696f207768696c65207573696e67203c7374726f6e673e53656c65636369c3b36e5765622e636f6d3c2f7374726f6e673e0a202020202020202020202020202020202020202077686963682077652062656c6965766520697320616275736976652c206465636570746976652c20706f726e6f677261706869632c206f627363656e652c20646566616d61746f72792c206c6962656c6f75732c206f6666656e73697665206f72206f746865727769736520696e617070726f7072696174652e0a202020202020202020202020202020203c2f6c693e0a202020202020202020202020202020203c6c693e0a20202020202020202020202020202020202020204d6174657269616c2070726f74656374656420627920636f7079726967687420616e64207573656420776974686f7574207468652065787072657373207065726d697373696f6e206f6620746865206f776e6572206f662073756368206d6174657269616c2e0a202020202020202020202020202020203c2f6c693e0a202020202020202020202020202020203c6c693e0a2020202020202020202020202020202020202020436f6e74656e7420746861742076696f6c61746573206f7220696e6672696e6765732074686520726967687473206f66206f74686572732e0a202020202020202020202020202020203c2f6c693e0a202020202020202020202020202020203c6c693e0a2020202020202020202020202020202020202020416e79206d6174657269616c206f722066696c6573207468617420636f6e7461696e2076697275736573206f7220626520696e66656374656420776974682054726f6a616e73206f7220616e7920666f726d206f6620636f727275707420636f6465207468617420636f756c6420636f6d70726f6d697365207468652073657276696365206f66203c7374726f6e673e53656c65636369c3b36e5765622e636f6d3c2f7374726f6e673e0a202020202020202020202020202020203c2f6c693e0a202020202020202020202020202020203c6c693e0a2020202020202020202020202020202020202020416e7920636f6e74656e7420746861742070726f6d6f74657320696c6c6567616c2061637469766974792e0a202020202020202020202020202020203c2f6c693e0a202020202020202020202020202020203c6c693e0a2020202020202020202020202020202020202020416e7920636f6e74656e74206861726d66756c20746f206d696e6f727320696e20616e79207761792e0a202020202020202020202020202020203c2f6c693e0a202020202020202020202020202020203c6c693e0a2020202020202020202020202020202020202020416e79206c696e6b206f7220636f6e6e656374696f6e2077697468207468652061626f76652e0a202020202020202020202020202020203c2f6c693e0a2020202020202020202020203c2f6f6c3e0a2020202020202020202020203c703e0a2020202020202020202020202020202053656c65636369c3b36e5765622e636f6d2072657365727665732074686520726967687420746f2064657465726d696e652069662074686520636f6e74656e742069732070726f6869626974656420636f6e74656e742c20616e6420616e7920636f6e74656e74206d6179206265207375626a65637420746f2072657669657720636f6e74656e7420617420616e792074696d652e20596f75206167726565207468617420616c74686f756768203c7374726f6e673e53656c65636369c3b36e5765622e636f6d3c2f7374726f6e673e20646f6573206e6f7420726576696577206f72206578616d696e6520616e7920636f6e74656e74207375626d69747465642c203c7374726f6e673e53656c65636369c3b36e5765622e636f6d3c2f7374726f6e673e0a2020202020202020202020202020202068617320746865206162736f6c7574652072696768742028627574206e6f7420746865206f626c69676174696f6e2920746f2064656c6574652c206d6f76652c20616e642065646974206d6174657269616c7320666f7220616e7920726561736f6e20617420616e792074696d6520776974686f7574206e6f746963652e0a2020202020202020202020203c2f703e0a2020202020202020202020203c703e64657370697465207468652061626f76652c207768656e20796f7520656e74657220746865204170706c69636174696f6e20616e642f6f7220757365203c7374726f6e673e53656c65636369c3b36e5765622e636f6d3c2f7374726f6e673e2c20596f752061636b6e6f776c6564676520616e64206167726565207468617420616c6c20436f6e74656e742028776865746865722070726976617465206f72207075626c696329207468617420697320666978656420616e642073746f72656420696e203c7374726f6e673e53656c65636369c3b36e5765622e636f6d3c2f7374726f6e673e2069732074686520736f6c6520726573706f6e736962696c697479206f662074686520706572736f6e2077686f207375626d69747465642074686520636f6e74656e742e20556e646572206e6f2063697263756d7374616e636573206c6961626c6520746f203c7374726f6e673e53656c65636369c3b36e5765622e636f6d3c2f7374726f6e673e0a202020202020202020202020202020206f7220697473206f6666696369616c732028696e636c7564696e6720656d706c6f796565732c206469726563746f72732c20616666696c69617465732c206167656e74732c20706172746e6572732920666f7220636c61696d73206f6620616e79206e61747572652c20646972656374206f7220696e6469726563742c207769746820676f7665726e696e67206f722072656c6174696e6720746f20616e7920636f6e74656e74207468617420776173206d616465203f3f20617661696c61626c65206f6e206f72207468726f756768203c7374726f6e673e53656c65636369c3b36e5765622e636f6d3c2f7374726f6e673e2c0a202020202020202020202020202020696e636c7564696e6720627574206e6f74206c696d6974656420746f206572726f7273206f72206f6d697373696f6e7320696e20636f6e74656e742c2061732069742077696c6c206e6f74206265203c7374726f6e673e53656c65636369c3b36e5765622e636f6d3c2f7374726f6e673e206f7220697473206f666669636572732c20616e6420726573706f6e7369626c6520666f72206c6f7373206f722064616d61676520696e637572726564206173206120726573756c74206f662074686520757365206f66207375636820636f6e74656e742e0a2020202020202020202020203c2f703e0a2020202020202020202020203c703e0a20202020202020202020202020202020596f752061636b6e6f776c6564676520616e64206167726565207468617420203c7374726f6e673e53656c65636369c3b36e5765622e636f6d3c2f7374726f6e673e2c0a20202020202020202020202020202020696e206578657263697365206f662069747320736f6c652064697363726574696f6e2c206d6179207465726d696e61746520796f757220757365206f662074686520736572766963652028696e2077686f6c65206f7220696e20706172742920616e642072656d6f766520616e64206469736361726420616e7920436f6e74656e742c20696e636c7564696e6720627574206e6f74206c696d6974656420746f2c20736f6d65206f7220616c6c206f662074686520636f6e74656e742c20696e666f726d6174696f6e2c20636f6d6d756e69636174696f6e73206f72206f7468657220636f6e74656e742077697468696e203c7374726f6e673e53656c65636369c3b36e5765622e636f6d3c2f7374726f6e673e2c20617420616e792074696d6520776974686f7574206e6f7469636520666f7220616e7920726561736f6e2c20696e636c7564696e6720627574206e6f74206c696d6974656420746f3a0a2020202020202020202020203c2f703e3c6f6c20636c6173733d2267726f75705f696e74223e0a202020202020202020202020202020203c6c693e0a2020202020202020202020202020202020202020436f6e6475637420696e2076696f6c6174696f6e206f66207468657365205465726d73206f72206f7468657220706f6c6963696573206f722067756964656c696e65732073657420666f727468206279203c7374726f6e673e53656c65636369c3b36e5765622e636f6d3c2f7374726f6e673e0a20202020202020202020202020202020202020616e79776865726520696e20746865204170706c69636174696f6e2e0a202020202020202020202020202020203c2f6c693e0a202020202020202020202020202020203c6c693e0a2020202020202020202020202020202020202020436f6e64756374207468617420203c7374726f6e673e53656c65636369c3b36e5765622e636f6d3c2f7374726f6e673e206465656d6564206861726d66756c20746f206f74686572207573657273206f66203c7374726f6e673e53656c65636369c3b36e5765622e636f6d3c2f7374726f6e673e0a2020202020202020202020202020202020202020666f7220627573696e657373203c7374726f6e673e53656c65636369c3b36e5765622e636f6d3c2f7374726f6e673e2c0a202020202020202020202020202020202020202074686520627573696e657373206f662074686520656d706c6f79696e6720636f6d70616e792c206f7220696e666f726d6174696f6e2070726f766964657273206f7220746869726420706172746965732e0a202020202020202020202020202020203c2f6c693e0a202020202020202020202020202020203c6c693e0a2020202020202020202020202020202020202020436f6e6475637420746861742076696f6c61746573207468652073746174656d656e747320616e642074686520657373656e6365206f66207468657365205465726d732e20596f7520667572746865722061677265652074686174206e65697468657220796f75206e6f7220616e7920746869726420706572736f6e2077696c6c20626520726573706f6e7369626c65203c7374726f6e673e53656c65636369c3b36e5765622e636f6d3c2f7374726f6e673e0a2020202020202020202020202020202020202020666f7220616e79207465726d696e6174696f6e206f6620796f75722061636365737320746f20746865204170706c69636174696f6e2e0a202020202020202020202020202020203c2f6c693e0a2020202020202020202020203c2f6f6c3e0a2020202020202020202020203c703e0a20202020202020202020202020202020546865204170706c69636174696f6e20616e64203c7374726f6e673e53656c65636369c3b36e5765622e636f6d3c2f7374726f6e673e206172652070726f74656374656420627920696e7465726e6174696f6e616c20636f7079726967687420616e64206f74686572206170706c696361626c65206c6177732e20596f75206167726565207468617420616e7920757365206f662074686973204170706c69636174696f6e2077696c6c206265206d616465206f6e6c7920746f20726573706f6e6420746f2061206c65676974696d61746520696e7669746174696f6e20746f20696e7465727669657720616e20456d706c6f79657220436f6d70616e792e20596f75206167726565206e6f7420746f20617474656d707420746f20656e74657220746865206170706c69636174696f6e20696e206f7264657220746f20636f6d70696c6520696e666f726d6174696f6e206c656164696e6720746f20746865206372656174696f6e206f6620612073697465206f722073696d696c617220736572766963652e0a2020202020202020202020203c2f703e0a20202020202020203c2f6c693e0a20202020202020203c6c693e0a2020202020202020202020203c623e5065726d697373696f6e20746f2075736520636f6e74656e743a3c2f623e20536f2077652063616e207075742074686520696e7465727669657720617661696c61626c6520746f207468652043616e6469646174652c0a2020202020202020202020203c7374726f6e673e53656c65636369c3b36e5765622e636f6d3c2f7374726f6e673e206e656564207468652072696768747320746f206d616b6520757365206f662074686520696e74657276696577207175657374696f6e7320616e6420696e666f726d6174696f6e20796f752070726f76696465207768656e20796f752075736520746865204170706c69636174696f6e2028696e206163636f7264616e6365207769746820616e64207375626a65637420746f207468657365205465726d73292e205468657265666f72652c206173206120636f6e646974696f6e206f6620796f757220757365206f6620746865204170706c69636174696f6e2c20686572656279206772616e747320796f7520746f0a2020202020202020202020203c7374726f6e673e53656c65636369c3b36e5765622e636f6d3c2f7374726f6e673e2070657270657475616c2c20756e6976657273616c20616e64206e6f6e2d6578636c7573697665206c6963656e736520746f20636f70792c20646973706c61792c206d6f646966792c207472616e736d69742c206469737472696275746520616e642073756273657175656e74206a6f6273206465726976656420616e6420616e7920436f6e74656e74207472616e736d6974746564206f722070726f766964656420746f20746865206170706c69636174696f6e20666f7220796f752c206f6e6c7920666f722074686520707572706f7365206f6620676976696e672068697320696e7465727669657720746f20746865206c65676974696d6174652063616e646964617465732c20616e6420676574207468656d2074686520696e74657276696577206f6e6c696e6520616e64207468656e2064656c6976657220746f2074686520436f6d70616e792e20596f752061636b6e6f776c6564676520746861742069742077696c6c2074616b6520616c6c20726561736f6e61626c6520737465707320746f2072657374726963742074686520646973747269627574696f6e206f662074686520436f6e74656e742c206f6e6c792074686f73652077686f20686176652061206c65676974696d617465206e65656420746f207265766965772074686520436f6e74656e7420666f722074686520707572706f7365206f66206576616c756174696e67207468652063616e64696461746520666f722061206a6f622e20596f7520726570726573656e7420616e642077617272616e7420746f0a2020202020202020202020203c7374726f6e673e53656c65636369c3b36e5765622e636f6d3c2f7374726f6e673e207468617420796f75206172652074686520706572736f6e207265636f7264656420696e20746865204170706c69636174696f6e2e0a20202020202020203c2f6c693e0a20202020202020203c6c693e0a2020202020202020202020203c623e4469736372696d696e6174696f6e20436f6d706c61696e743a3c2f623e20596f7520616772656520746f2075736520746865206170706c69636174696f6e20696e2061206d616e6e65722073696d696c617220746f206661636520696e74657276696577732c20696e206163636f7264616e636520776974682074686520706f6c6963696573206f6620796f7572204852206465706172746d656e7420616e6420746f20656e7375726520746861742063616e6469646174657320617265206e6f74206469736372696d696e6174656420616761696e73742e0a20202020202020203c2f6c693e0a20202020202020203c6c693e0a2020202020202020202020203c623e526566657272616c20756e617574686f72697a656420636f6e74656e743a3c2f623e20596f752073686f756c64206e6f742073656e642074686520436f6e74656e74206f7220616e7920706f7274696f6e2074686572656f662065786365707420746f2070656f706c652077686f20686176652061206c65676974696d61746520696e74657265737420696e20686972696e67207468652063616e6469646174652e20596f752066757274686572206167726565207468617420636f6e74656e742077696c6c206e6f742073656e6420616e79207075626c696320706c616365207375636820617320596f75547562652c204d6f6e737465722c206f7220616e79776865726520656c736520756e6c657373206578706c696369746c7920617574686f72697a656420627920746865204170706c69636174696f6e2e0a20202020202020203c2f6c693e0a20202020202020203c6c693e0a2020202020202020202020203c623e526573616c65206f6620536572766963653a3c2f623e20596f75206167726565206e6f7420746f20726570726f647563652c206475706c69636174652c20636f70792c2073656c6c2c20726573656c6c206f72206578706c6f697420616e792070617274206f6620746865206170706c69636174696f6e2c2075736520746865204170706c69636174696f6e2c206f722061636365737320746f20746865204170706c69636174696f6e20666f7220616e7920636f6d6d65726369616c20707572706f73652065786365707420746865206372656174696f6e206f6620696e74657276696577732c2073656e64696e67206f757420696e746572766965777320616e6420726576696577206f6620726573756c747320696e74657276696577732c2074686520707572706f7365206f66206576616c756174696e672063616e6469646174657320666f7220656d706c6f796d656e74206f7220636f6e7472616374696e672e0a20202020202020203c2f6c693e0a20202020202020203c6c693e0a2020202020202020202020203c623e5072697661637920506f6c6963793a3c2f623e205765207265737065637420796f7572207072697661637920616e6420686176652074616b656e20737065636966696320737465707320746f2070726f746563742069742e20506c6561736520736565206f7572205072697661637920506f6c6963792e0a20202020202020203c2f6c693e0a20202020202020203c6c693e0a2020202020202020202020203c623e446973636c61696d6572206f662057617272616e74793a3c2f623e20596f75206167726565207468617420796f757220757365206f662074686520736572766963650a202020202020202020202020206f66203c7374726f6e673e53656c65636369c3b36e5765622e636f6d3c2f7374726f6e673e20697320796f7572206f776e207269736b2e0a20202020202020202020202020546f207468652066756c6c65737420657874656e74207065726d6974746564206279206c61772c203c7374726f6e673e53656c65636369c3b36e5765622e636f6d3c2f7374726f6e673e2c0a202020202020202020202020697473206f666669636572732c206469726563746f72732c20656d706c6f7965657320616e64206167656e747320646973636c61696d20616c6c2077617272616e746965732c0a20202020202020202020202020657870726573736564206f7220696d706c6965642c2077697468207265737065637420746f20746865207369746520616e6420697473207573652e0a2020202020202020202020203c7374726f6e673e53656c65636369c3b36e5765622e636f6d3c2f7374726f6e673e206e6f2077617272616e74790a202020202020202020202020206f7220726570726573656e746174696f6e2061626f757420746865206163637572616379206f7220636f6d706c6574656e657373206f660a20202020202020202020202020636f6e74656e7473206f662074686973206170706c69636174696f6e2c206f722074686520636f6e74656e74206f6620616e7920736974650a202020202020202020202020206c696e6b656420746f207468697320776562206170706c69636174696f6e2c20616e6420617373756d6573206e6f20726573706f6e736962696c6974790a2020202020202020202020202062793a203c623e2869293c2f623e206d697374616b6573206f72206572726f72732c206f7220696e6163637572616369657320696e2074686520636f6e74656e742c203c623e286969293c2f623e20696e6a757279206f722064616d6167652c206f6620616e790a202020202020202020202020206e6174757265206173206120726573756c74206f6620796f75722061636365737320746f20616e6420757365206f66206f7572206170706c69636174696f6e2c203c623e28696969293c2f623e20756e617574686f72697a65642061636365737320746f206f722075736520616e79206f66206f757220736572766572730a20202020202020202020202070726f74656374656420616e642f6f7220616e7920616e6420616c6c20706572736f6e616c20696e666f726d6174696f6e20616e64202f206f722066696e616e6369616c20696e666f726d6174696f6e2073746f726564206f6e207468656d2c203c623e286976293c2f623e200a202020202020202020202020616e7920696e74657272757074696f6e206f7220636573736174696f6e206f66207472616e736d697373696f6e20746f206f722066726f6d206f7572206170706c69636174696f6e2c203c623e2876293c2f623e20616e7920766972757365732c2054726f6a616e20686f72736573206f7220746865206c696b652c2077686963680a2020202020202020202020202043616e204265205472616e736d6974746564205468726f756768206f7572206170706c69636174696f6e206279206120746869726420706172747920616e642f6f7220203c623e2028766929203c2f623e20616e79206572726f7273206f72206f6d697373696f6e7320696e20616e7920636f6e74656e74206f7220616e790a202020202020202020202020206c6f7373206f722064616d616765206f6620616e79206b696e64206f6363757272656420696e206173206120726573756c74206f6620757365206f6620616e7920636f6e74656e740a20202020202020202020202020706f73742c20656d61696c65642c207472616e736d6974746564206f72206f7468657277697365206d616465203f20617661696c61626c65207669612074686520696e74657276696577203c7374726f6e673e53656c65636369c3b36e5765622e636f6d3c2f7374726f6e673e2e200a2020202020202020202020203c7374726f6e673e53656c65636369c3b36e5765622e636f6d3c2f7374726f6e673e20206e6f7420617574686f72697a65642c20646f6573206e6f7420656e646f7273652c2077617272616e74206f7220617373756d650a202020202020202020202020206c696162696c69747920666f7220616e792070726f64756374206f7220736572766963652061647665727469736564206f72206f6666657265640a2020202020202020202020202062792074686972642070617274696573207468726f7567682073657276696365203c7374726f6e673e53656c65636369c3b36e5765622e636f6d3c2f7374726f6e673e0a2020202020202020202020206f7220616e79206c696e6b65642073697465206f72206f66666572656420696e2074686520666f726d206f662062616e6e65720a202020202020202020202020206f7220616e79206f74686572206164766572746973696e672c20616e64203c7374726f6e673e53656c65636369c3b36e5765622e636f6d3c2f7374726f6e673e206e6f742074616b6520706172740a202020202020202020202020206f7220697320696e20616e792077617920726573706f6e7369626c6520666f72206f766572736565696e6720616e790a202020202020202020202020207472616e73616374696f6e206265747765656e20796f7520616e6420746869726420706172747920736572766963652070726f76696465727320616e642f6f722070726f64756374732e204173207769746820746865207075726368617365206f6620612070726f64756374206f722073657276696365207468726f7567680a20202020202020202020202020616e79206d65616e73206f7220696e20616e7920706c6163652c20796f75206d7573742062652063617574696f75730a2020202020202020202020202075736520796f757220676f6f642073656e7365207768656e20617070726f7072696174652e0a20202020202020203c2f6c693e3c623e0a20202020202020203c6c693e0a2020202020202020202020203c703e3c623e4c696d69746174696f6e206f66204c696162696c6974793a3c2f623e20696e206e6f20636173650a2020202020202020202020203c7374726f6e673e53656c65636369c3b36e5765622e636f6d3c2f7374726f6e673e202c20697473206f666669636572732c206469726563746f72732c0a20202020202020202020202020656d706c6f79656573206f72206167656e7473206265206c6961626c6520746f20796f7520666f7220616e790a202020202020202020202020206469726563742c20696e6469726563742c20696e636964656e74616c2c207370656369616c2c2070756e69746976652c206f720a20202020202020202020202020636f6e73657175656e7469616c2064616d61676573206f6620616e79206b696e64206173206120726573756c74206f66200a2020202020202020202020203c623e2869293c2f623e206d697374616b6573206f72206572726f72732c206f7220696e6163637572616369657320696e2074686520636f6e74656e742c203c623e286969293c2f623e20706572736f6e616c20696e6a7572790a202020202020202020202020206f722070726f70657274792064616d616765206f6620616e79206b696e64206173206120726573756c74206f6620796f75722061636365737320746f20616e6420757365206f66206f75720a202020202020202020202020206170706c69636174696f6e203c623e28696969293c2f623e20616e7920756e617574686f72697a65642061636365737320746f206f7220757365206f66206f75722073656375726520736572766572730a20202020202020202020202020616e642f6f7220616e7920616e6420616c6c20706572736f6e616c20696e666f726d6174696f6e20616e642f6f722066696e616e6369616c20696e666f726d6174696f6e2073746f7265640a202020202020202020202020207468656d2c203c623e286976293c2f623e20616e7920696e74657272757074696f6e206f7220636573736174696f6e206f66207472616e736d697373696f6e20746f206f722066726f6d206f75720a202020202020202020202020206170706c69636174696f6e203c623e2876293c2f623e20616e7920766972757365732c2054726f6a616e20686f72736573206f7220746865206c696b652c2077686963682063616e206265207472616e736d69747465640a202020202020202020202020207468726f756768206f7572206170706c69636174696f6e206279206120746869726420706172747920616e642f6f72203c623e2028766929203c2f623e20616e79206572726f72206f72206f6d697373696f6e20696e0a20202020202020202020202020616e7920636f6e74656e74206f7220616e79206c6f7373206f722064616d616765206f6620616e79206b696e64206f6363757272656420696e206173206120726573756c74206f660a20202020202020202020202020757365206f6620616e7920636f6e74656e7420706f737465642c20656d61696c65642c207472616e736d6974746564206f720a202020202020202020202020206f7468657277697365206d616465203f3f20617661696c61626c65207669612074686520696e746572766965772053656c65636369c3b36e5765622e636f6d2c207768657468657220737570706f727465642062790a2020202020202020202020202077617272616e74792c20636f6e74726163742c20746f7274206f7220616e79206f74686572206c6567616c207468656f72792c20616e6420616c74686f7567682074686520636f6d70616e790a202020202020202020202020206177617265206f662074686520706f73736962696c697479206f6620737563682064616d616765732e204c696d69746174696f6e206f66204c696162696c6974790a2020202020202020202020202061626f7665206170706c69657320746f207468652066756c6c20657874656e74206f6620746865206c617720696e2074686174206a7572697364696374696f6e2e0a2020202020202020202020203c2f703e0a2020202020202020202020203c703e0a202020202020202020202020596f75207370656369666963616c6c792061636b6e6f776c656467652074686174203c7374726f6e673e2053656c65636369c3b36e5765622e636f6d203c2f7374726f6e673e2077696c6c206e6f7420626520726573706f6e7369626c650a202020202020202020202020207468652070726f706f73616c73206f6620746865207573657273206f722074686520646566616d61746f72792c206f6666656e736976652c206f7220696c6c6567616c20636f6e64756374206f6620616e7920746869726420706172747920616e640a202020202020202020202020207269736b20616e792064616d616765206f7220696d706169726d656e74206173206120726573756c74206f662074686520666f7265676f696e6720726573747320656e746972656c79207769746820796f752e0a2020202020202020202020203c2f703e0a2020202020202020202020203c703e0a2020202020202020202020204170706c69636174696f6e204d6f74696f6e20697320636f6e74726f6c6c6564206279204e65742053524c2066726f6d20697473206f66666963657320696e20476173636f6e20446570742e203236312031737420666c6f6f722e0a20202020202020202020202020442043697479206f66204275656e6f732041697265732e2053656c65636369c3b36e5765622e636f6d20646f6573206e6f7420617373756d65206f722070726f636c61696d207468617420746865204170706c69636174696f6e0a20202020202020202020202020697320617070726f707269617465206f7220617661696c61626c6520656c736577686572652e2054686f73652077686f20616363657373206f722075736520746f2053656c65636369c3b36e5765622e636f6d0a2020202020202020202020202066726f6d206f74686572206a7572697364696374696f6e7320646f20736f206174207468656972206f776e20766f6c6974696f6e20616e642061726520726573706f6e7369626c6520666f7220636f6d706c69616e63650a2020202020202020202020202077697468206c6f63616c206c6177732e0a2020202020202020202020203c2f703e0a20202020202020203c2f6c693e0a20202020202020203c6c693e0a2020202020202020202020203c623e636f6d70656e736174696f6e3a3c2f623e20596f7520616772656520746f20646566656e642c20696e64656d6e6966790a20202020202020202020202020616e64206b656570206f7574206f662064616e676572203c7374726f6e673e2053656c65636369c3b36e5765622e636f6d203c2f7374726f6e673e0a2020202020202020202020202069747320706172746e6572732c206f666669636572732c206469726563746f72732c20656d706c6f7965657320616e64206167656e747320616761696e737420616e790a2020202020202020202020202074797065206f662064656d616e642c2064616d616765732c206f626c69676174696f6e732c206c6f737365732c206c696162696c69746965732c0a20202020202020202020202020636f737473206f7220646562742c20616e6420657870656e7365732028696e636c7564696e6720627574206c696d6974656420746f2074686520666565730a202020202020202020202020206f66206174746f726e65792066656573292061726973696e672066726f6d3a203c623e20286929203c2f623e2075736520616e642061636365737320746865204170706c69636174696f6e206f66203c7374726f6e673e2053656c65636369c3b36e5765622e636f6d203c2f7374726f6e673e3b203c623e2028696929203c2f623e0a20202020202020202020202020796f75722076696f6c6174696f6e206f6620616e79207465726d206f66207468657365205465726d73206f6620536572766963653b203c623e202869696929203c2f623e20796f75722076696f6c6174696f6e206f6620616e790a2020202020202020202020202074686972642070617274792072696768742c20696e636c7564696e6720776974686f7574206c696d69746174696f6e2076696f6c6174696f6e206f6620636f707972696768742c206f776e65727368697020616e6420726967687420746f20707269766163792c206f720a20202020202020202020202020203c623e2028697629203c2f623e20636c61696d207468617420616e7920636f6e74656e742068617320636175736564206861726d20746f206f74686572732e0a2020202020202020202020202054686973206f626c69676174696f6e20746f2074686520646566656e736520616e6420696e64656d6e696669636174696f6e207368616c6c207072657661696c0a202020202020202020202020207468657365205465726d73206f66205365727669636520616e6420796f757220757365206f6620746865204170706c69636174696f6e20696e0a2020202020202020202020203c7374726f6e673e53656c65636369c3b36e5765622e636f6d3c2f7374726f6e673e0a20202020202020203c2f6c693e0a20202020202020203c6c693e0a2020202020202020202020203c623e4162696c69747920746f20616363657074207465726d73206f6620736572766963653a3c2f623e0a202020202020202020202020596f752073617920746861742c206f72206d6f7265207468616e203138207965617273206f66206167652c206f720a20202020202020202020202020616e20656d616e63697061746564206d696e6f722c206f72206861766520706172656e74616c20636f6e73656e74206f720a202020202020202020202020206c6567616c20677561726469616e2c20616e64206172652066756c6c792061626c6520616e6420636f6d706574656e7420746f206163636570740a20202020202020202020202020746865207465726d732c20636f6e646974696f6e732c206f626c69676174696f6e732c2061666669726d6174696f6e732c0a20202020202020202020202020726570726573656e746174696f6e732c20616e642077617272616e746965732073657420666f72746820696e207468657365205465726d730a20202020202020202020202020536572766963652c20616e6420697320636f6e73697374656e7420616e642061677265657320746f20636f6d706c792077697468207465726d730a20202020202020202020202020536572766963652e20496620796f752061726520756e646572203138207965617273206f66206167652c20706c656173650a20202020202020202020202020646f206e6f74207573652074686520696e746572766965773c7374726f6e673e53656c65636369c3b36e5765622e636f6d3c2f7374726f6e673e0a20202020202020203c2f6c693e0a20202020202020203c6c693e0a2020202020202020202020203c623e4c6f67696e3a3c2f623e5468657365205465726d73206f6620536572766963650a20202020202020202020202020616e6420616c6c2072696768747320616e64206c6963656e736573206772616e7465642068657265696e207368616c6c206e6f742062650a202020202020202020202020207472616e73666572726564206f722061737369676e656420627920796f752c20627574206d61792062652061737369676e65642062790a2020202020202020202020203c7374726f6e673e53656c65636369c3b36e5765622e636f6d3c2f7374726f6e673e20776974686f7574207265737472696374696f6e2e0a20202020202020203c2f6c693e0a20202020202020203c6c693e0a2020202020202020202020203c623e47656e6572616c3a3c2f623e20596f7520616772656520746861743a203c623e2869293c2f623e2074686520696e74657276696577203c7374726f6e673e53656c65636369c3b36e5765622e636f6d3c2f7374726f6e673e2077696c6c0a20202020202020202020202020636f6e6365707475616c697a6564206f6e6c7920696e20417267656e74696e6120616e64203c623e286969293c2f623e2074686520696e7465727669657720696e203c7374726f6e673e53656c65636369c3b36e5765622e636f6d3c2f7374726f6e673e2077696c6c0a20202020202020202020202020636f6e73696465726564206120706173736976652077656273697465207468617420646f6573206e6f742067697665207269736520746f20706572736f6e616c206a7572697364696374696f6e206f766572203c7374726f6e673e53656c65636369c3b36e5765622e636f6d3c2f7374726f6e673e206569746865720a202020202020202020202020207370656369666963206f722067656e6572616c2c206f74686572206a7572697364696374696f6e732c2065786365707420696e20417267656e74696e612e0a202020202020202020202020205468657365205465726d73206f662053657276696365207368616c6c20626520676f7665726e656420627920746865206c6177730a20202020202020202020202020696e7465726e616c207375627374616e7469766520417267656e74696e612e20416e7920636c61696d206f7220646973707574650a202020202020202020202020206265747765656e20796f7520616e64203c7374726f6e673e53656c65636369c3b36e5765622e636f6d3c2f7374726f6e673e206465726976617469766520617420616c6c0a202020202020202020202020206f722070617274206f662074686520696e74657276696577203c7374726f6e673e53656c65636369c3b36e5765622e636f6d3c2f7374726f6e673e0a202020202020202020202062652066756c6c79206f72207061727469616c6c7920736574746c6564206279206120636f6d706574656e7420636f757274206f660a20202020202020202020202020746865206a7572697364696374696f6e206f6620417267656e74696e612e205468657365205465726d732c20746f6765746865720a202020202020202020202020207769746820746865207072697661637920706f6c696379206174205072697661637920506f6c6963790a20202020202020202020202020616e6420616e79206f74686572206c6567616c206e6f7469636573207075626c6973686564206279203c7374726f6e673e53656c65636369c3b36e5765622e636f6d3c2f7374726f6e673e2c0a202020202020202020202020636f6e737469747574652074686520656e746972652061677265656d656e74206265747765656e20796f7520616e64203c7374726f6e673e53656c65636369c3b36e5765622e636f6d3c2f7374726f6e673e0a20202020202020202020202072656c6174696e6720746f20746865207365727669636520696e74657276696577203c7374726f6e673e53656c65636369c3b36e5765622e636f6d3c2f7374726f6e673e0a202020202020202020202020496620616e792070726f766973696f6e206f66207468657365205465726d73206f6620536572766963652069730a6465656d656420696e76616c6964206279206120636f757274206f6620636f6d706574656e74206a7572697364696374696f6e2c0a74686520696e76616c6964697479206f6620737563682070726f766973696f6e207368616c6c206e6f7420616666656374207468652076616c69646974790a6f66207468652072656d61696e696e672070726f766973696f6e73206f66207468657365205465726d73206f6620536572766963650a77686963682072656d61696e20696e20666f72636520616e64206566666563742e204e6f206a756467650a6e6f20776169766572206f6620616e79207465726d206f66207468657365205465726d730a5365727669636520616e642074686520636f6e74696e75656420776169766572206f662073756368207465726d0a6f7220616e79206f74686572207465726d2c20616e642074686520616273656e6365206f66203c7374726f6e673e53656c65636369c3b36e5765622e636f6d3c2f7374726f6e673e0a202020202020202020202020746f20656e666f72636520616e79207465726d206f66207468657365205465726d73206f660a2020202020202020202020202053657276696365207368616c6c206e6f7420636f6e73746974757465206120776169766572206f662073756368207269676874206f722070726f766973696f6e2e0a2020202020202020202020203c7374726f6e673e53656c65636369c3b36e5765622e636f6d203c2f7374726f6e673e2072657365727665732074686520726967687420746f20616d656e640a202020202020202020202020207468657365205465726d73206f66205365727669636520617420616e792074696d6520776974686f7574207072696f72206e6f746963650a20202020202020202020202020616e6420697420697320796f757220726573706f6e736962696c69747920746f20726576696577207468657365205465726d73206f6620536572766963652062790a20202020202020202020202020616e79206368616e6765732e205468652075736520627920796f75206f662074686520696e74657276696577203c7374726f6e673e53656c65636369c3b36e5765622e636f6d3c2f7374726f6e673e0a202020202020202020202020616674657220616e7920616d656e646d656e74206f66207468657365205465726d73206f6620536572766963650a202020202020202020202020207369676e69667920796f757220636f6e73656e7420616e6420616363657074616e6365206f66205465726d730a2020202020202020202020202072657669657765642e20596f752061677265652074686174207265676172646c657373206f6620616e792073746174757465206f72206c61770a20202020202020202020202020746f2074686520636f6e74726172792c20616e7920636c61696d206f722064656d616e642061726973696e67206f7574206f66206f722072656c617465640a202020202020202020202020207573696e6720746865204170706c69636174696f6e206f7220746865205465726d73206d7573742062650a2020202020202020202020202066696c65642077697468696e2074686520666f6c6c6f77696e672028312920796561722066726f6d207468652064617465206f66206f6363757272656e63650a202020202020202020202020206f7220626520666f7265766572206261727265642e0a20202020202020203c2f6c693e0a20202020202020203c6c693e0a2020202020202020202020203c623e4d6f64696669636174696f6e206f66207465726d733a3c2f623e0a2020202020202020202020596f752061677265652074686174203c7374726f6e673e53656c65636369c3b36e5765622e636f6d3c2f7374726f6e673e2072657365727665730a2020202020202020202020202074686520726967687420746f20616d656e6420746865205465726d7320617420616e792074696d652c0a20202020202020202020202020616e7920726561736f6e20616e6420776974686f7574206e6f746963652c20696e636c7564696e67207468652072696768740a202020202020202020202020207465726d696e617465207468652073657276696365206f7220616e7920706172742074686572656f662e20616e7920616d656e646d656e740a202020202020202020202020206f72206d6f64696669636174696f6e73206d616465206279203c7374726f6e673e53656c65636369c3b36e5765622e636f6d3c2f7374726f6e673e2077696c6c0a20202020202020202020202020666f7277617264206f6e6c792e0a20202020202020203c2f6c693e0a20202020202020203c6c693e0a2020202020202020202020203c623e446973636c6f73757265206f662076696f6c6174696f6e733a3c2f623e0a202020202020202020202020596f752063616e207265706f7274206162757365206f66207468657365205465726d7320746f203c6120687265663d226d61696c746f3a736f706f7274654053656c656363696f6e5765622e636f6d223e736f706f7274654053656c656363696f6e5765622e636f6d3c2f613e0a20202020202020203c2f6c693e0a2020203c2f623e3c2f6f6c3e3c623e0a202020203c7374726f6e673e53656c65636369c3b36e7765622e636f6d3c2f7374726f6e673e20697320612073657276696365206f663a3c62723e0a202020204d6f74696f6e204e65742053524c3c62723e0a2020202047617363c3b36e20323631203c62723e0a202020204175746f6e6f6d6f75732043697479206f66204275656e6f732041697265732043c3b3642e20506f7374616c20313138313c62723e0a2020202052657075626c69636120417267656e74696e612e3c62723e0a202020203c6120687265663d226d61696c746f3a696e666f4073656c656363696f6e7765622e636f6d223e696e666f4073656c656363696f6e7765622e636f6d3c2f613e0a202020203c64697620636c6173733d22766f6c7665725f72656722207374796c653d22746578742d616c69676e3a2072696768743b223e0a20202020093c6120687265663d222f636c69656e74732f7265676973746572223e4261636b20746f2052656769737472793c2f613e202020203c2f6469763e0a3c2f623e3c2f6469763e3c212d2d3a2d2d3e3c212d2d3a70742d2d3e3c212d2d3a2d2d3e3c212d2d3a66722d2d3e3c212d2d3a2d2d3e, '0000-00-00 00:00:00', 'layout', '0');
INSERT INTO `languages` (`id`, `user_id`, `key`, `text`, `created`, `layout`, `active`) VALUES
(61, 1, 'politica', 0x3c212d2d3a65732d2d3e3c68323e506f6cc3ad746963617320646520707269766163696461643c2f68323e0a3c6469762069643d227465726d735f636f6e646974696f6e73223e0a202020203c64697620636c6173733d22766f6c7665725f72656722207374796c653d22746578742d616c69676e3a2072696768743b223e0a093c6120687265663d222f636c69656e74732f7265676973746572223e566f6c766572206120526567697374726f3c2f613e202020203c2f6469763e0a202020203c703e0a20202020202020203c7374726f6e673e53656c65636369c3b36e7765622e636f6d3c2f7374726f6e673e20657374c3a120636f6d70726f6d657469646120612070726f7465676572206c6120707269766163696461642064652073757320636c69656e7465732079206c612070726976616369646164206465206c6f732063616e64696461746f73200a2020202020202020792f6f20706f7374756c616e7465732071756520696e67726573656e206120737520706f7274616c2e200a202020203c2f703e0a202020203c703e0a2020202020202020457320756e6120706f6cc3ad74696361206465203c7374726f6e673e53656c65636369c3b36e7765622e636f6d3c2f7374726f6e673e20717565206c6120696e666f726d616369c3b36e20706572736f6e616c20636f6d6f3a206e6f6d627265732c2064697265636369c3b36e2c206ec3ba6d65726f200a202020202020202074656c6566c3b36e69636f2c20636f7272656f20656c65637472c3b36e69636f2c206574632e20736f6e207072697661646f73207920636f6e666964656e6369616c657320646573646520656c206d6f6d656e746f20646520737520696e677265736f20616c20706f7274616c2e200a202020203c2f703e0a202020203c703e0a20202020202020203c7374726f6e673e53656c65636369c3b36e7765622e636f6d3c2f7374726f6e673e206e6f2076656e64652c206e6920616c7175696c612c206e6920656e747265676120696e666f726d616369c3b36e20706572736f6e616c206e69206461746f73207072697661646f73206465206e75657374726f7320636c69656e746573206f206465207375732063616e64696461746f73206f200a2020202020202020706f7374756c616e7465732061207465726365726f732e20200a202020203c2f703e0a202020203c703e0a20202020202020205574696c697a616d6f73206c6120696e666f726d616369c3b36e206465206e75657374726f7320636c69656e746573206f206465206c6f732063616e64696461746f732073c3b36c6f2061206c6f732065666563746f73206465206c6120636f6e6669677572616369c3b36e206465206c6173206375656e7461732c2070617261206c6120656e7472656761206465206e75657374726f73200a2020202020202020736572766963696f732c206d656a6f72617220656c2066756e63696f6e616d69656e746f206465206e75657374726f20736974696f2c20792f6f206c612061646d696e69737472616369c3b36e206465206e75657374726f732073697374656d61732e20200a202020203c2f703e0a202020203c703e0a2020202020202020506f64656d6f73207574696c697a61722061207465726365726f732c20736f6c6f20656e20616c67756e6f73206361736f73207920736f6c616d656e7465207061726120726563696269722061706f796f20646520c3ad6e646f6c652074c3a9636e69636f2e20456e2074616c6573206361736f732c2073c3b36c6f206c65732064616e2061636365736f2061206c6120696e666f726d616369c3b36e206e6563657361726961200a2020202020202020706172612068616365722073752074726162616a6f2c2079206573206e656365736172696f20717565207365206174656e67616e2061206c6120706f6cc3ad746963612064652070726976616369646164203c7374726f6e673e53656c65636369c3b36e7765622e636f6d3c2f7374726f6e673e2e200a202020203c2f703e0a202020203c623e496e666f726d616369c3b36e20506572736f6e616c3c2f623e0a202020203c703e0a20202020202020204e75657374726f7320636c69656e746573207175652072657175696572656e207265616c697a617220756e6120766964656f2053656c65636369c3b36e2c206c61206375616c20707565646520696e636c75697220696e666f726d616369c3b36e20636f6d6f2c20686973746f7269616c2064652074726162616a6f2028637572726963756c756d205669746165292c6c6f73200a2020202020202020636f6e6f63696d69656e746f732c206c617320686162696c69646164657320792f6f2063617061636964616465732c20737520657374696c6f2064652074726162616a6f2079206f7472617320726573707565737461732061206c61732070726567756e7461732e200a202020203c2f703e0a202020203c703e0a202020202020202053c3b36c6f20656c20636c69656e74652c206c6f7320656d706c6561646f73206175746f72697a61646f73206465203c7374726f6e673e53656c65636369c3b36e7765622e636f6d3c2f7374726f6e673e20792f6f206c6f73206175746f72697a61646f732064657369676e61646f7320706f72206c6f7320636c69656e746573207469656e656e2061636365736f2061206573746120696e666f726d616369c3b36e2e0a202020203c2f703e0a202020203c703e0a20202020202020203c7374726f6e673e53656c65636369c3b36e7765622e636f6d3c2f7374726f6e673e206372656520656e206c612070726f7465636369c3b36e20646520737520707269766163696461642e205369207265636f70696c616d6f7320696e666f726d616369c3b36e20706572736f6e616c20646520757374656420656e206e75657374726f20736974696f207765622c2063756d706c6520636f6e20656c2073697374656d612064652050726f7465636369c3b36e206465204461746f73200a2020202020202020506572736f6e616c65732065737461626c656369646f20656e206c6120526570c3ba626c69636120417267656e74696e6120706f72206c61204c65792032352e333236202874616d6269c3a96e20636f6e6f6369646120636f6d6f204c657920646520486162656173204461746129204573746f7320736f6e206e75657374726f7320636f6d70726f6d69736f7320636f6e2075737465643a0a202020203c2f703e0a202020203c6f6c3e0a20202020202020203c6c693e0a2020202020202020202020203c623e417669736f3c2f623e2e204375616e646f207265636f70696c616d6f7320737520696e666f726d616369c3b36e20706572736f6e616c2c206c6520646172656d6f7320617669736f206f706f7274756e6f2079206170726f706961646f20646573637269626972207175c3a920696e666f726d616369c3b36e20706572736f6e616c20657374c3a1207265636f676964612c20636f6d6f2076616d6f73206120757361726c6f2c2079206c6f73200a2020202020202020202020207469706f73206465207465726365726f7320636f6e206c6f732071756520706f64656d6f7320636f6d7061727469722e0a20202020202020203c2f6c693e0a20202020202020203c6c693e0a2020202020202020202020203c623e456c65636369c3b36e3c2f623e2e204c6520646172656d6f73206c6173206f7063696f6e657320736f627265206c6173206d616e6572617320656e20717565207573616d6f73207920636f6d70617274696d6f7320737520696e666f726d616369c3b36e20706572736f6e616c2c20792076616d6f732061207265737065746172206c6173206465636973696f6e65732071756520746f6d612e0a20202020202020203c2f6c693e0a20202020202020203c6c693e0a2020202020202020202020203c623e52656c6576616e6369613c2f623e2e2056616d6f732061207265636f6765722073c3b36c6f206c6f73206461746f7320706572736f6e616c65732074616e746f20636f6d6f206e6f736f74726f73206c61206e656365736964616420646520636f6e637265746f2065206964656e746966696361646f206c6f732070726f70c3b37369746f732c2079206e6f2076616d6f73206120757361726c6f2070617261206f74726f732066696e65732073696e20737520636f6e73656e74696d69656e746f2e0a20202020202020203c2f6c693e0a20202020202020203c6c693e0a2020202020202020202020203c623e526574656e6369c3b36e3c2f623e2e2056616d6f732061206d616e74656e657220737520696e666f726d616369c3b36e20706572736f6e616c2073c3b36c6f20656e206c61206d656469646120717565206c6f206e656365736974652070617261206c6f732066696e65732070617261206c6f7320717565206c6f207265636f676965726f6e2c206f20736567c3ba6e206c6f207065726d697469646f20706f72206c61206c65792e0a20202020202020203c2f6c693e0a20202020202020203c6c693e0a2020202020202020202020203c623e50726563697369c3b36e3c2f623e2e2056616d6f73206120746f6d6172206c6173206d656469646173206170726f7069616461732070617261206173656775726172736520646520717565206c6120696e666f726d616369c3b36e20706572736f6e616c20656e206e75657374726f7320726567697374726f73206573206578616374612e0a20202020202020203c2f6c693e0a20202020202020203c6c693e0a2020202020202020202020203c623e41636365736f3c2f623e2e2056616d6f7320612070726f706f7263696f6e6172206d6564696f7320706172612061636365646572206120737520696e666f726d616369c3b36e20706572736f6e616c2c20636f6d6f206578696765206c61206c65792c20706172612071756520707565646120636f72726567697220696e65786163746974756465732e0a20202020202020203c2f6c693e0a20202020202020203c6c693e0a2020202020202020202020203c623e4465205365677572696461643c2f623e2e2056616d6f73206120746f6d6172206c6173206d6564696461732066c3ad73696361732c2074c3a9636e696361732079206f7267616e697a6174697661732061646563756164617320706172612070726f746567657220737520696e666f726d616369c3b36e20706572736f6e616c206672656e74652061206c612070c3a972646964612c206d616c2075736f2c2061636365736f206e6f206175746f72697a61646f206f20646976756c67616369c3b36e2c20616c746572616369c3b36e207920646573747275636369c3b36e2e0a20202020202020203c2f6c693e0a20202020202020203c6c693e0a2020202020202020202020203c623e436f6d7061727469723c2f623e2e204578636570746f20636f6d6f20736520646573637269626520656e206573746120706f6cc3ad746963612c206e6f736f74726f73206e6f20636f6d706172746972656d6f7320737520696e666f726d616369c3b36e20706572736f6e616c20636f6e207465726365726f732073696e20737520636f6e73656e74696d69656e746f2e0a20202020202020203c2f6c693e0a20202020202020203c6c693e0a2020202020202020202020203c623e5472616e73666572656e63696120496e7465726e6163696f6e616c3c2f623e2e205369206c61207472616e73666572656e63696120646520737520696e666f726d616369c3b36e20706572736f6e616c2061206f74726f207061c3ad732c20746f6d6172656d6f73206c6173206d656469646173206170726f70696164617320706172612070726f746567657220737520707269766163696461642079206c6120696e666f726d616369c3b36e20706572736f6e616c20717565206c61207472616e73666572656e6369612e0a20202020202020203c2f6c693e0a20202020202020203c6c693e0a2020202020202020202020203c623e43756d706c696d69656e746f3c2f623e2e20526567756c61726d656e746520766f79206120726576697361722063c3b36d6f20657374616d6f732063756d706c69656e646f20636f6e206c61732070726f6d6573617320646520707269766163696461642c2079206c652070726f706f7263696f6e616e20756e61206d616e65726120696e646570656e6469656e74652070617261207265736f6c766572206c6173207175656a617320736f627265206e75657374726173207072c3a163746963617320646520707269766163696461642e0a20202020202020203c2f6c693e0a202020203c2f6f6c3e0a202020203c703e0a2020202020202020506172612061636365646572206120737520696e666f726d616369c3b36e2c2068616365722070726567756e74617320736f627265206e75657374726173207072c3a163746963617320646520707269766163696461642c206f20656d6974697220756e61207175656a612c2070c3b36e6761736520656e20636f6e746163746f20636f6e206e6f736f74726f7320656e3a203c6120687265663d226d61696c746f3a696e666f4053656c656363696f6e5765622e636f6d223e696e666f4053656c656363696f6e5765622e636f6d3c2f613e0a202020203c2f703e0a202020203c623e5573756172696f732064656c20536974696f207765623c2f623e0a202020203c703e0a20202020202020204375616e646f20757374656420766973697461206e75657374726f20736974696f207765622c20706f64656d6f73207265636f70696c617220696e666f726d616369c3b36e2064652075736f2c2074616c657320636f6d6f206c612064697265636369c3b36e2055524c20717565207669656e652c2073752064697265636369c3b36e204950207920656c207469706f20646520646f6d696e696f2028706f7220656a656d706c6f2e20436f6d206f2e204f72672c20657463292c200a2020202020202020656c207469706f206465206e6176656761646f722079206c612076656c6f63696461642c206c612075626963616369c3b36e2067656e6572616c206465207375207365727669646f722c2079206c61732070c3a167696e6173206465206e75657374726f20736974696f2071756520667565726f6e2076697374617320647572616e7465206c61207669736974612e204573746120696e666f726d616369c3b36e206573207574696c697a61646120706172612066696e6573200a2020202020202020696e7465726e6f732079206e6f732061797564612061206d656a6f72617220636f6e74696e75616d656e7465206e75657374726f20736974696f207765622079206c61207072657374616369c3b36e20646520736572766963696f732e0a202020203c2f703e0a202020203c623e536567757269646164206465206461746f733c2f623e0a202020203c703e0a2020202020202048656d6f73206465736172726f6c6c61646f206e75657374726f732073697374656d6173207061726120717565206e69206c6f7320636c69656e746573206e69206c6f7320656d706c6561646f732070756564616e2074656e65722061636365736f2061206c6120696e666f726d616369c3b36e2064656c20736f6c69636974616e7465206f20656d70726573612073696e20756e6120636f6e7472617365c3b161206170726f70696164612e204164656dc3a1732c20636f6e74616d6f7320636f6e200a20202020202020656e6372697074616369c3b36e206465206461746f732053534c206375616e646f206c6f73206461746f73207365207472616e736d6974656e20612074726176c3a97320646520496e7465726e65742e200a202020203c2f703e0a202020203c703e0a20202020202020204164656dc3a1732c206e75657374726f73207365727669646f72657320657374c3a16e20616c6f6a61646f7320656e20756e2063656e74726f206cc3ad64657220746572636572697a61646f2070617261206c6f67726172206d61796f722073656775726964616420792066696162696c696461642e20200a202020203c2f703e0a202020203c7374726f6e673e53656c65636369c3b36e7765622e636f6d3c2f7374726f6e673e20657320756e20736572766963696f2064653a3c62723e0a202020204d6f74696f6e204e65742053524c3c62723e0a2020202047617363c3b36e20323631203c62723e0a2020202043697564616420417574c3b36e6f6d61206465204275656e6f73204169726573203f2043c3b3642e20506f7374616c20313138313c62723e0a2020202052657075626c69636120417267656e74696e612e3c62723e0a202020203c64697620636c6173733d22766f6c7665725f72656722207374796c653d22746578742d616c69676e3a2072696768743b223e0a20202020093c6120687265663d222f636c69656e74732f7265676973746572223e566f6c766572206120526567697374726f3c2f613e202020203c2f6469763e0a3c2f6469763e3c212d2d3a2d2d3e3c212d2d3a656e2d2d3e3c68323e506f6cc3ad746963617320646520707269766163696461643c2f68323e0a3c6469762069643d227465726d735f636f6e646974696f6e73223e0a202020203c64697620636c6173733d22766f6c7665725f72656722207374796c653d22746578742d616c69676e3a2072696768743b223e0a093c6120687265663d222f636c69656e74732f7265676973746572223e4261636b20746f2052656769737472793c2f613e202020203c2f6469763e0a202020203c703e0a20202020202020203c7374726f6e673e53656c65636369c3b36e7765622e636f6d3c2f7374726f6e673e20697320636f6d6d697474656420746f2070726f74656374696e6720637573746f6d6572207072697661637920616e64207468652070726976616379206f66207468652063616e646964617465730a202020202020202020616e642f6f72206170706c6963616e74732077686f20656e7465722069747320706f7274616c2e0a202020203c2f703e0a202020203c703e0a20202020202020204974206973206120706f6c696379206f6620203c7374726f6e673e53656c65636369c3b36e7765622e636f6d3c2f7374726f6e673e207468617420706572736f6e616c20696e666f726d6174696f6e2073756368206173206e616d652c20616464726573732c0a20202020202020202074656c6570686f6e652c20656d61696c2c206574632e2e20617265207072697661746520616e6420636f6e666964656e7469616c2066726f6d20746865206d6f6d656e74207468657920656e7465722074686520706f7274616c2e0a202020203c2f703e0a202020203c703e0a20202020202020203c7374726f6e673e53656c65636369c3b36e7765622e636f6d3c2f7374726f6e673e20646f6573206e6f742073656c6c2c2072656e74206f7220737570706c7920706572736f6e616c20696e666f726d6174696f6e206f7220707269766174652064617461206f66206f757220636c69656e7473206f722063616e64696461746573206f720a2020202020202020206170706c6963616e747320746f20746869726420706172746965732e0a202020203c2f703e0a202020203c703e0a20202020202020205765207573652074686520696e666f726d6174696f6e206f66206f757220636c69656e7473206f722063616e64696461746573206f6e6c7920666f722074686520707572706f7365206f6620746865206163636f756e742073657474696e677320666f72207468652064656c6976657279206f66206f75720a20202020202020202073657276696365732c20696d70726f766520746865206f7065726174696f6e206f66206f757220736974652c20616e642f6f722061646d696e697374726174696f6e206f66206f75722073797374656d732e0a202020203c2f703e0a202020203c703e0a20202020202020205765206d61792075736520746869726420706172746965732c206f6e6c7920696e20736f6d6520636173657320616e64206f6e6c7920666f7220737570706f7274206f66206120746563686e6963616c206e61747572652e20496e20737563682063617365732c206f6e6c792067697665207468656d2061636365737320746f206e656365737361727920696e666f726d6174696f6e0a202020202020202020746f20646f207468656972206a6f622c20616e64206e65656420746f20636f6d706c79207769746820746865207072697661637920706f6c6963790a3c7374726f6e673e53656c65636369c3b36e7765622e636f6d3c2f7374726f6e673e2e200a202020203c2f703e0a202020203c623e506572736f6e616c20696e666f726d6174696f6e3c2f623e0a202020203c703e0a20202020202020204f757220637573746f6d657273207265717569726520746f206d616b65206120766964656f2073656c656374696f6e2c207768696368206d617920696e636c75646520696e666f726d6174696f6e207375636820617320656d706c6f796d656e7420686973746f72792028637572726963756c756d207669746165292c207468650a2020202020202020206b6e6f776c656467652c20736b696c6c7320616e642f6f72206162696c69746965732c20776f726b207374796c6520616e64206f7468657220616e737765727320746f207175657374696f6e732e0a202020203c2f703e0a202020203c703e0a20202020202020204f6e6c792074686520637573746f6d65722c20617574686f72697a656420656d706c6f79656573206f66203c7374726f6e673e2053656c65636369c3b36e7765622e636f6d203c2f7374726f6e673e20616e642f6f72207468652064657369676e6174656420617574686f72697a656420637573746f6d65727320686176652061636365737320746f207468697320696e666f726d6174696f6e2e0a2020203c2f703e0a202020203c703e0a20202020202020203c7374726f6e673e53656c65636369c3b36e7765622e636f6d3c2f7374726f6e673e2062656c696576657320696e2070726f74656374696e6720796f757220707269766163792e20496620796f7520636f6c6c65637420706572736f6e616c20696e666f726d6174696f6e206f6e206f757220576562207369746520636f6d706c69657320776974682074686520446174612050726f74656374696f6e2053797374656d0a202020202020202020506572736f6e616c20696e20417267656e74696e612065737461626c6973686564206279204c61772032352c3332362028616c736f206b6e6f776e20617320746865204c6177206f662048616265617320446174612920546865736520617265206f757220636f6d6d69746d656e747320746f20796f753a0a202020203c2f703e0a202020203c6f6c3e0a20202020202020203c6c693e0a2020202020202020202020203c623e4e6f746963653c2f623e2e205768656e20776520636f6c6c65637420796f757220706572736f6e616c20696e666f726d6174696f6e2c2077652077696c6c2070726f766964652074696d656c7920616e6420617070726f707269617465206e6f746963652064657363726962696e67207768617420706572736f6e616c20696e666f726d6174696f6e20697320636f6c6c65637465642c20686f77207765207573652069742c20616e640a202020202020202020202020207479706573206f66207468697264207061727469657320776974682077686f6d2077652063616e2073686172652e0a20202020202020203c2f6c693e0a20202020202020203c6c693e0a2020202020202020202020203c623e456c656374696f6e3c2f623e2e2057652077696c6c206769766520796f75206f7074696f6e732061626f75742074686520776179732077652075736520616e6420736861726520796f757220706572736f6e616c20696e666f726d6174696f6e2c20616e642077652077696c6c207265737065637420746865206465636973696f6e73206865206d616b65732e0a20202020202020203c2f6c693e0a20202020202020203c6c693e0a2020202020202020202020203c623e52656c6576616e63653c2f623e2e2057652077696c6c20636f6c6c65637420706572736f6e616c2064617461206f6e6c79206173206d756368206173207765206e65656420666f722073706563696669632c206964656e74696669656420707572706f7365732c20616e642077652077696c6c206e6f742075736520697420666f72206f7468657220707572706f73657320776974686f757420796f757220636f6e73656e742e0a20202020202020203c2f6c693e0a20202020202020203c6c693e0a2020202020202020202020203c623e526574656e74696f6e3c2f623e2e2057652077696c6c206b65657020796f757220706572736f6e616c20696e666f726d6174696f6e206f6e6c7920617320796f75206e65656420697420666f722074686520707572706f73657320666f7220776869636820697420636f6c6c65637465642c206f72206173207065726d6974746564206279206c61772e0a20202020202020203c2f6c693e0a20202020202020203c6c693e0a2020202020202020202020203c623e507265636973696f6e3c2f623e2e2057652077696c6c2074616b6520617070726f707269617465206d6561737572657320746f20656e73757265207468617420706572736f6e616c20696e666f726d6174696f6e20696e206f7572207265636f7264732069732061636375726174652e0a20202020202020203c2f6c693e0a20202020202020203c6c693e0a2020202020202020202020203c623e4163636573733c2f623e2e2057652077696c6c2070726f76696465206d65616e7320746f2061636365737320796f757220706572736f6e616c20696e666f726d6174696f6e2c206173207265717569726564206279206c61772c20736f20796f752063616e20636f727265637420696e616363757261636965732e0a20202020202020203c2f6c693e0a20202020202020203c6c693e0a2020202020202020202020203c623e53656375726974793c2f623e2e2057652077696c6c2074616b6520617070726f70726961746520706879736963616c2c20746563686e6963616c20616e64206f7267616e697a6174696f6e616c206d6561737572657320746f2070726f7465637420706572736f6e616c20696e666f726d6174696f6e20616761696e7374206c6f73732c206d69737573652c20756e617574686f72697a656420616363657373206f7220646973636c6f737572652c20616c7465726174696f6e20616e64206465737472756374696f6e2e0a20202020202020203c2f6c693e0a20202020202020203c6c693e0a2020202020202020202020203c623e5368617265643c2f623e2e204578636570742061732064657363726962656420696e207468697320706f6c6963792c2077652077696c6c206e6f7420736861726520796f757220706572736f6e616c20696e666f726d6174696f6e2077697468207468697264207061727469657320776974686f757420796f757220636f6e73656e742e0a20202020202020203c2f6c693e0a20202020202020203c6c693e0a2020202020202020202020203c623e496e7465726e6174696f6e616c205472616e736665723c2f623e2e496620746865207472616e73666572206f6620796f757220706572736f6e616c20696e666f726d6174696f6e20746f20616e6f7468657220636f756e7472792c2077652077696c6c2074616b6520617070726f70726961746520737465707320746f2070726f7465637420796f7572207072697661637920616e6420706572736f6e616c20696e666f726d6174696f6e20796f75207472616e736665722e0a20202020202020203c2f6c693e0a20202020202020203c6c693e0a2020202020202020202020203c623e46756c66696c6c6d656e743c2f623e2e204920726567756c61726c792072657669657720686f77207765206172652066756c66696c6c696e67207468652070726f6d697365206f6620707269766163792c20616e642070726f7669646520616e20696e646570656e64656e742077617920746f207265736f6c766520636f6d706c61696e74732061626f7574206f75722070726976616379207072616374696365732e0a20202020202020203c2f6c693e0a202020203c2f6f6c3e0a202020203c703e0a2020202020202020546f2061636365737320796f757220696e666f726d6174696f6e2c2061736b207175657374696f6e732061626f7574206f75722070726976616379207072616374696365732c206f72206973737565206120636f6d706c61696e742c20636f6e746163742075732061743a203c6120687265663d226d61696c746f3a696e666f4053656c656363696f6e5765622e636f6d223e696e666f4053656c656363696f6e5765622e636f6d3c2f613e0a202020203c2f703e0a202020203c623e57656220536974652055736572733c2f623e0a202020203c703e0a20202020202020205768656e20796f75207669736974206f757220776562736974652c207765206d617920636f6c6c65637420757361676520696e666f726d6174696f6e2c2073756368206173207468652055524c207468617420636f6d65732c20796f7572204950206164647265737320616e6420646f6d61696e20747970652028666f72206578616d706c652e204f2e204f726720436f6d2c206574632e290a20202020202020202062726f77736572207479706520616e642073706565642c207468652067656e6572616c206c6f636174696f6e206f6620796f7572207365727665722c20616e6420746865207061676573206f66206f75722073697465207468617420776572652076696577656420647572696e67207468652076697369742e205468697320696e666f726d6174696f6e206973207573656420666f7220707572706f7365730a202020202020202020696e7465726e616c20616e642068656c707320757320636f6e74696e75616c6c7920696d70726f7665206f7572207765627369746520616e642073657276696365732e0a202020203c2f703e0a202020203c623e446174612053656375726974793c2f623e0a202020203c703e0a202020202020205765206861766520646576656c6f706564206f75722073797374656d7320736f2074686174206e65697468657220637573746f6d657273206e6f7220656d706c6f796565732063616e2061636365737320696e666f726d6174696f6e2066726f6d20746865206170706c6963616e74206f7220636f6d70616e7920776974686f757420616e20617070726f7072696174652070617373776f72642e20496e206164646974696f6e2c2077650a202020202020202053534c206461746120656e6372797074696f6e207768656e2064617461206973207472616e736d6974746564206f7665722074686520496e7465726e65742e0a202020203c2f703e0a202020203c703e0a2020202020202020496e206164646974696f6e2c206f757220736572766572732061726520686f757365642061742061206c656164696e67206f7574736f757263656420666f72206772656174657220736563757269747920616e642072656c696162696c6974792e200a202020203c2f703e0a202020203c7374726f6e673e53656c65636369c3b36e7765622e636f6d3c2f7374726f6e673e20697320612073657276696365206f663a3c62723e0a202020204d6f74696f6e204e65742053524c3c62723e0a2020202047617363c3b36e20323631203c62723e0a202020204175746f6e6f6d6f75732043697479204275656e6f73204169726573203f2043c3b3642e20506f7374616c20313138313c62723e0a2020202052657075626c69636120417267656e74696e612e3c62723e0a202020203c64697620636c6173733d22766f6c7665725f72656722207374796c653d22746578742d616c69676e3a2072696768743b223e0a20202020093c6120687265663d222f636c69656e74732f7265676973746572223e4261636b20746f20526567697374726174696f6e3c2f613e202020203c2f6469763e0a3c2f6469763e3c212d2d3a2d2d3e3c212d2d3a70742d2d3e3c212d2d3a2d2d3e3c212d2d3a66722d2d3e3c212d2d3a2d2d3e, '0000-00-00 00:00:00', 'layout', '0');

-- --------------------------------------------------------

--
-- Estructura de tabla para la tabla `messages`
--

DROP TABLE IF EXISTS `messages`;
CREATE TABLE IF NOT EXISTS `messages` (
  `id` int(11) NOT NULL AUTO_INCREMENT,
  `selecction_id` int(11) NOT NULL,
  `message` varchar(255) DEFAULT NULL,
  PRIMARY KEY (`id`),
  KEY `fk_has_messages` (`selecction_id`)
) ENGINE=MyISAM  DEFAULT CHARSET=latin1 AUTO_INCREMENT=16 ;

--
-- Volcado de datos para la tabla `messages`
--

INSERT INTO `messages` (`id`, `selecction_id`, `message`) VALUES
(1, 0, '7div id="editable_msg" class="editable" style="padding: 4px; background: #FFFFFF;">Esta es una video seleccion para nuestra empresa, nos es grato invitarlo y poder conocerlo antes de realizar la entrevista cara a cara.</div>\r\n<div class="editable" style="'),
(2, 0, '7o hay mensaje'),
(3, 0, '8div id="editable_msg" class="editable" style="padding: 4px; background: #FFFFFF;">Nos es grato que usted responda la video seleccion, el puesto que estamos requiriendo es adm de personal para una planta ubicada en la provincia de cordoba, posiblemente se'),
(4, 0, '8o hay mensaje'),
(5, 0, '8div id="editable_msg" class="editable" style="padding: 4px; background: #FFFFFF;">Prueba 2 de Seleccionweb www.seleccionweb.com</div>'),
(6, 0, '8o hay mensaje'),
(7, 0, '8o hay mensaje'),
(8, 0, '8o hay mensaje'),
(9, 0, '8div id="editable_msg" class="editable" style="padding: 4px; background: #FFFFFF;">hola, esto es una prueba del sitio</div>'),
(10, 0, '9div id="editable_msg" class="editable" style="padding: 4px; background: #FFFFFF;">este es una oferta de trabajo mediante seleccion web</div>'),
(11, 0, '9div id="editable_msg" class="editable" style="padding: 4px; background: #FFFFFF;">Ha sido seleccionado para una video entrevista</div>'),
(12, 0, '9div id="editable_msg" class="editable" style="padding: 4px; background: #FFFFFF;">asdasdasd</div>'),
(13, 0, '9div id="editable_msg" class="editable" style="padding: 4px; background: #FFFFFF;">holaaaaaaaaaaaaaaaaaaaaaaaa..</div>'),
(14, 0, '9o hay mensaje'),
(15, 0, '9h1 id="editable_msg" class="editable" style="padding: 4px; background: none repeat scroll 0% 0% #ffffff; text-align: center;"><span style="text-decoration: underline;"><em><strong>hola postulante</strong></em></span></h1>');

-- --------------------------------------------------------

--
-- Estructura de tabla para la tabla `payments`
--

DROP TABLE IF EXISTS `payments`;
CREATE TABLE IF NOT EXISTS `payments` (
  `id` int(11) NOT NULL AUTO_INCREMENT,
  `user_id` int(11) NOT NULL DEFAULT '1',
  `plan` varchar(1) NOT NULL DEFAULT 'A',
  `preguntas` int(11) NOT NULL DEFAULT '0',
  `cantidad` int(11) NOT NULL DEFAULT '0',
  `tiempo` int(11) NOT NULL DEFAULT '0',
  `costo` int(11) NOT NULL DEFAULT '0',
  PRIMARY KEY (`id`)
) ENGINE=MyISAM  DEFAULT CHARSET=latin1 AUTO_INCREMENT=6 ;

--
-- Volcado de datos para la tabla `payments`
--

INSERT INTO `payments` (`id`, `user_id`, `plan`, `preguntas`, `cantidad`, `tiempo`, `costo`) VALUES
(1, 1, '0', 0, 0, 0, 5),
(2, 1, 'A', 10, 10, 0, 50),
(3, 1, 'B', 50, 50, 0, 240),
(4, 1, 'C', 100, 100, 0, 470),
(5, 1, 'D', 150, 150, 0, 680);

-- --------------------------------------------------------

--
-- Estructura de tabla para la tabla `questions`
--

DROP TABLE IF EXISTS `questions`;
CREATE TABLE IF NOT EXISTS `questions` (
  `id` int(11) NOT NULL AUTO_INCREMENT,
  `user_id` int(11) NOT NULL,
  `order` int(11) NOT NULL DEFAULT '1',
  `question` text CHARACTER SET utf8 COLLATE utf8_spanish_ci NOT NULL,
  `duration` int(11) NOT NULL DEFAULT '30',
  `favorite` tinyint(1) NOT NULL DEFAULT '0',
  PRIMARY KEY (`id`),
  KEY `fk_has` (`user_id`)
) ENGINE=MyISAM  DEFAULT CHARSET=latin1 AUTO_INCREMENT=150 ;

--
-- Volcado de datos para la tabla `questions`
--

INSERT INTO `questions` (`id`, `user_id`, `order`, `question`, `duration`, `favorite`) VALUES
(80, -1, 3, 'Cuenteme acerca de usted mismo', 45, 7),
(81, -2, 6, 'Por que elegiste tu especialidad', 30, 8),
(82, -3, 1, 'Que habilidades relacionadas con el trabajo ha desarrollado', 45, 9),
(90, -1, 2, 'Cuales son sus Hobbies', 30, 7),
(91, -1, 11, 'Por que eligio la entrevista de nuestra organizacion', 60, 7),
(92, -1, 10, 'Que sabe usted de nuestra organizacion', 45, 7),
(93, -1, 1, 'Describa su trabajo ideal', 45, 7),
(94, -1, 3, 'Que nos puede ofrecer', 30, 7),
(95, -1, 1, 'Cuales considera usted que son sus mayores fortalezas', 30, 7),
(96, -1, 1, 'Puedes nombrar algunos puntos debiles', 30, 7),
(97, -1, 4, 'Definir el exito', 30, 7),
(98, -1, 12, 'Definir el fracaso', 30, 7),
(99, -1, 1, 'Alguna vez has tenido algun fracaso', 30, 7),
(100, -1, 8, 'Que aprendio de ellos', 30, 7),
(101, -1, 1, 'Cuentenos tres logros de los que estas mas orgulloso', 30, 7),
(102, -2, 1, 'Por que eligio asistir a su colegio o universidad', 60, 8),
(103, -2, 4, 'Cree que ha recibido una buena educacion', 30, 8),
(104, -2, 7, 'De que manera', 45, 8),
(105, -2, 9, 'En el que actividades universitarias ha participado', 60, 8),
(106, -2, 5, 'Que especialidad de tu formacion universitaria te gusta mas, Por que? ', 30, 8),
(107, -2, 1, 'Si tuviera que empezar de nuevo, que cambiaria de su educacion? ', 45, 8),
(108, -2, 5, 'Sus calificaciones reflejan con exactitud su capacidad', 30, 8),
(109, -2, 1, 'Fue responsable de su educacion universitaria', 30, 8),
(110, -3, 1, 'Trabajo y estudio al mismo tiempo, En que posiciones trabajo? ', 45, 9),
(111, -3, 1, 'Que has aprendido de las experiencias de trabajo', 30, 9),
(112, -3, 1, 'Que es lo que mas disfruto de su ultimo empleo', 60, 9),
(113, -3, 1, 'Alguna vez ha renunciado a un empleo, Por que? ', 60, 9),
(114, -3, 1, 'De un ejemplo de una situacion en la que trabajo bajo presion del tiempo', 30, 9),
(115, -3, 1, 'De un ejemplo de una situacion en la que se proporciono una solucion a un empleador', 30, 9),
(116, -3, 1, 'Alguna vez has hecho algun trabajo voluntario, De que tipo?', 30, 9),
(117, -3, 1, 'Como crees que un ex supervisor describiria su trabajo', 30, 9),
(118, -3, 1, 'Por que dejo su ultimo trabajo', 30, 9),
(121, 2, 1, 'Hablemos sobre usted', 30, 0),
(123, 2, 1, 'CuÃƒÆ’Ã‚Â©ntenos sobre sus experiencias laborales?  ', 30, 0),
(125, 2, 1, 'Cuentenos sobre sus experiencias laborales ?', 30, 0),
(131, 2, 1, 'Cuentenos sobre usted', 30, 0),
(132, 2, 1, 'En que empresas trabajo anteriormente, enumerelas.', 30, 0),
(130, 2, 1, 'decime', 30, 0),
(133, 2, 1, 'Cuentenos que puestos ha ocupado en las mencionadas empresas.', 45, 0),
(134, 2, 1, 'Tiene pensado trasladarse de localidad, indiquenos a que localidades.', 60, 0),
(135, 2, 1, 'Cuentenos sobre usted', 30, 0),
(136, 2, 1, 'Digame ', 60, 0),
(137, 16, 1, 'vcxvxcvxcvxcvxcvxcvxc', 30, 0),
(138, 2, 1, 'Cuenteme sobre sus ultimos empleos', 30, 0),
(139, 2, 1, 'cuenteme sobre sus anteriores empleos', 30, 1),
(140, 51, 1, 'pregunta 1', 45, 0),
(141, 51, 1, 'pregunta 2', 45, 0),
(142, 51, 1, 'pregunta A', 30, 0),
(143, 51, 1, 'pregunta B', 30, 0),
(144, 71, 1, 'pregunta A', 30, 0),
(146, 11, 1, 'cual es tu nombre', 30, 1),
(147, 11, 2, 'cual es tu profesion', 30, 0),
(148, 11, 3, 'cuantos postgrados tiene?', 30, 0),
(149, 11, 1, 'cual es su nombre', 30, 0);

-- --------------------------------------------------------

--
-- Estructura de tabla para la tabla `ratings`
--

DROP TABLE IF EXISTS `ratings`;
CREATE TABLE IF NOT EXISTS `ratings` (
  `id` int(11) NOT NULL AUTO_INCREMENT,
  `applicant_id` int(11) NOT NULL,
  `personality` int(11) NOT NULL,
  `knowledge` int(11) NOT NULL,
  `presentation` int(11) NOT NULL,
  PRIMARY KEY (`id`),
  KEY `fk_qualified` (`applicant_id`)
) ENGINE=MyISAM  DEFAULT CHARSET=latin1 AUTO_INCREMENT=11 ;

--
-- Volcado de datos para la tabla `ratings`
--

INSERT INTO `ratings` (`id`, `applicant_id`, `personality`, `knowledge`, `presentation`) VALUES
(1, 1, 3, 4, 5),
(2, 2, 0, 0, 0),
(3, 3, 0, 0, 0),
(4, 4, 0, 0, 0),
(5, 5, 3, 2, 3),
(6, 6, 0, 0, 0),
(7, 7, 0, 0, 0),
(8, 8, 0, 0, 0),
(9, 9, 0, 0, 0),
(10, 10, 0, 0, 0);

-- --------------------------------------------------------

--
-- Estructura de tabla para la tabla `selecctions`
--

DROP TABLE IF EXISTS `selecctions`;
CREATE TABLE IF NOT EXISTS `selecctions` (
  `id` int(11) NOT NULL AUTO_INCREMENT,
  `user_id` int(11) NOT NULL,
  `name` varchar(255) NOT NULL,
  `reference` varchar(40) NOT NULL,
  `status` int(11) NOT NULL DEFAULT '2',
  `created` datetime NOT NULL,
  `modified` datetime NOT NULL,
  `start` date DEFAULT NULL,
  `end` date DEFAULT NULL,
  `sent` int(11) NOT NULL DEFAULT '0',
  `answered` int(11) NOT NULL DEFAULT '0',
  PRIMARY KEY (`id`),
  KEY `fk_create` (`user_id`)
) ENGINE=MyISAM  DEFAULT CHARSET=latin1 AUTO_INCREMENT=96 ;

--
-- Volcado de datos para la tabla `selecctions`
--

INSERT INTO `selecctions` (`id`, `user_id`, `name`, `reference`, `status`, `created`, `modified`, `start`, `end`, `sent`, `answered`) VALUES
(94, 2, 'prueba 02/08', 'prueba 02/08', 1, '2011-08-02 08:12:42', '2011-08-02 08:19:43', '2011-08-02', '2011-08-09', 2, 1),
(92, 71, 'Seleccion A', 'selecA', 0, '2011-08-01 16:58:45', '2011-08-01 17:20:48', '2011-08-01', '2011-08-08', 1, 0),
(93, 71, 'seleccion web prueba', 'selecPrueba', 1, '2011-08-01 17:22:17', '2011-08-02 08:45:24', '2011-08-01', '2011-08-08', 3, 2),
(91, 71, 'seleccion web', 'selec', 1, '2011-08-01 16:55:26', '2011-08-01 17:05:51', '2011-08-01', '2011-08-08', 3, 0),
(95, 11, 'seleccion Isa', 'Isabel', 1, '2011-09-13 08:01:11', '2011-09-13 08:11:06', '2011-09-13', '2011-09-20', 2, 0);

-- --------------------------------------------------------

--
-- Estructura de tabla para la tabla `selecctions_questions`
--

DROP TABLE IF EXISTS `selecctions_questions`;
CREATE TABLE IF NOT EXISTS `selecctions_questions` (
  `question_id` int(11) NOT NULL,
  `selecction_id` int(11) NOT NULL,
  PRIMARY KEY (`question_id`,`selecction_id`),
  KEY `fk_selection_question2` (`selecction_id`)
) ENGINE=MyISAM DEFAULT CHARSET=latin1;

--
-- Volcado de datos para la tabla `selecctions_questions`
--

INSERT INTO `selecctions_questions` (`question_id`, `selecction_id`) VALUES
(93, 95),
(95, 91),
(98, 91),
(100, 91),
(102, 93),
(102, 94),
(103, 94),
(107, 93),
(112, 93),
(144, 92),
(149, 95);

-- --------------------------------------------------------

--
-- Estructura de tabla para la tabla `streams`
--

DROP TABLE IF EXISTS `streams`;
CREATE TABLE IF NOT EXISTS `streams` (
  `id` int(11) NOT NULL AUTO_INCREMENT,
  `selecction_id` int(11) NOT NULL,
  `type` varchar(100) DEFAULT NULL,
  `value` varchar(400) NOT NULL,
  `obs` varchar(200) DEFAULT NULL,
  PRIMARY KEY (`id`)
) ENGINE=MyISAM DEFAULT CHARSET=latin1 AUTO_INCREMENT=1 ;

-- --------------------------------------------------------

--
-- Estructura de tabla para la tabla `testimonials`
--

DROP TABLE IF EXISTS `testimonials`;
CREATE TABLE IF NOT EXISTS `testimonials` (
  `id` int(11) NOT NULL AUTO_INCREMENT,
  `name` varchar(100) NOT NULL,
  `address` varchar(50) NOT NULL,
  `testimonial` text NOT NULL,
  `photo` varchar(255) NOT NULL,
  `created` datetime DEFAULT NULL,
  `modified` datetime DEFAULT NULL,
  `active` int(2) NOT NULL DEFAULT '0',
  PRIMARY KEY (`id`)
) ENGINE=MyISAM  DEFAULT CHARSET=latin1 AUTO_INCREMENT=11 ;

--
-- Volcado de datos para la tabla `testimonials`
--

INSERT INTO `testimonials` (`id`, `name`, `address`, `testimonial`, `photo`, `created`, `modified`, `active`) VALUES
(1, 'Esteban Soriano', '', 'Vestibulum adipiscing, risus sed pharetra mattis, eros tellus accumsan turpis, vitae iaculis diam odio ut erat. Aenean lacinia dui id velit facilisis nec vulputate enim euismod. ', 'thumbail1.png', '2011-05-08 11:03:00', '2011-05-09 14:46:14', 1),
(2, 'Maria Angelica Vasquez Torrico', '', 'Vestibulum adipiscing, risus sed pharetra mattis, eros tellus accumsan turpis, vitae iaculis diam odio ut erat. Aenean lacinia dui id velit facilisis nec vulputate enim euismod. ', 'thumbail2.png', '2011-05-09 14:47:07', '2011-05-09 14:47:11', 1),
(3, 'Luis Ninni', 'Buenos Aires - Buenos Aires', 'Me parecio muy bueno', '77_1.jpg', '2011-07-18 09:19:52', '2011-07-18 09:19:52', 1),
(4, 'Luis Ninni 2', 'Buenos Aires - Buenos Aires', 'Me resulto un proceso sencillo y facil de realizar, Muy Bueno!!!', '81_3.jpg', '2011-07-22 14:07:11', '2011-07-22 14:07:11', 1),
(5, 'Eduardo Ninni', '', 'Video Seleccion ', '88_7.jpg', '2011-07-29 14:07:52', '2011-07-29 14:07:52', 1),
(8, 'edwar perez', 'cbba - cercado', 'me parecio genial, la forma en que realiza las video grabaciones, super facil ', '89_8.jpg', '2011-07-29 16:49:37', '2011-07-29 16:49:37', 0),
(9, 'Luis Alberto Ninni', 'Buenos Aires - Buenos Aires', 'Plataforma de utilidad, simple y facil', '94_9.jpg', '2011-08-02 08:20:32', '2011-08-02 08:20:32', 1),
(10, 'owen peredo diaz', 'cochabamba - cercado', 'La forma de realizar la video conferencia me parecio genial y muy simple se los recomiendo', '93_10.jpg', '2011-08-02 08:50:25', '2011-08-02 08:50:25', 0);

-- --------------------------------------------------------

--
-- Estructura de tabla para la tabla `transactions`
--

DROP TABLE IF EXISTS `transactions`;
CREATE TABLE IF NOT EXISTS `transactions` (
  `id` int(11) NOT NULL AUTO_INCREMENT,
  `client_id` int(11) NOT NULL,
  `date_transaction` datetime NOT NULL,
  `mount` int(11) unsigned NOT NULL,
  `description` varchar(255) DEFAULT NULL,
  PRIMARY KEY (`id`),
  KEY `fk_transacts` (`client_id`)
) ENGINE=MyISAM DEFAULT CHARSET=latin1 AUTO_INCREMENT=1 ;

-- --------------------------------------------------------

--
-- Estructura de tabla para la tabla `users`
--

DROP TABLE IF EXISTS `users`;
CREATE TABLE IF NOT EXISTS `users` (
  `id` int(11) NOT NULL AUTO_INCREMENT,
  `client_id` int(11) NOT NULL,
  `owner` varchar(100) NOT NULL,
  `username` varchar(100) NOT NULL,
  `password` char(40) DEFAULT NULL,
  `active` tinyint(1) NOT NULL DEFAULT '0',
  `role` enum('administrador','cliente','video','admin') NOT NULL DEFAULT 'administrador',
  `created` datetime DEFAULT NULL,
  `modified` datetime DEFAULT NULL,
  `credit` int(11) unsigned NOT NULL DEFAULT '10',
  `counter` int(11) unsigned NOT NULL DEFAULT '0',
  PRIMARY KEY (`id`),
  KEY `fk_is_user` (`client_id`)
) ENGINE=MyISAM  DEFAULT CHARSET=latin1 AUTO_INCREMENT=92 ;

--
-- Volcado de datos para la tabla `users`
--

INSERT INTO `users` (`id`, `client_id`, `owner`, `username`, `password`, `active`, `role`, `created`, `modified`, `credit`, `counter`) VALUES
(1, 1, 'Administrador', 'admin', 'c5ed7bb8e719fc350c44d8b85c0f458c9f7a06a7', 1, 'admin', '2011-04-27 18:57:43', '2011-08-02 22:02:23', 40, 0),
(2, 2, 'Luis Ninni', 'luisninni@hotmail.com', 'eb7e4eec16fa74931f0acf19128ac5b3d5e58498', 1, 'administrador', '2011-07-14 08:44:29', '2011-08-02 08:19:43', 17, 6),
(3, 1, 'edwar perez', 'edwar', 'ad96fc0a225f07e469e848e75e000b815a614b9e', 0, 'cliente', '2011-07-19 14:22:40', '2011-07-19 14:25:51', 0, 0),
(4, 1, 'owen peredo', 'owen', 'c01e3564be7cdd79d3ec3d4321d7ae79981c1d78', 1, 'video', '2011-07-19 14:26:43', '2011-07-19 14:26:43', 0, 0),
(9, 10, 'monica', 'tierna_monic@hotmail.com', '41bf7fe3d9f7dc1369862ac182647d5eb7f81562', 1, 'administrador', '2011-07-25 09:54:22', '2011-07-26 07:29:47', 10, 0),
(11, 12, 'Isabel', 'tierna_monic@hotmail.com', 'c822fbeeeced907eb33321487172943b9eaa28db', 1, 'administrador', '2011-07-25 13:29:25', '2011-07-25 14:55:54', 10, 0),
(12, 13, 'monica', 'tierna_monic@hotmail.com', 'fd227585d5a1533d5c7b69396f3cdef572e5193f', 1, 'administrador', '2011-07-25 15:13:42', '2011-07-25 15:23:46', 10, 0),
(13, 14, 'carla', 'claisaveri@gmail.com', 'c822fbeeeced907eb33321487172943b9eaa28db', 1, 'administrador', '2011-07-25 16:20:27', '2011-07-25 16:36:33', 10, 0),
(14, 15, 'Luis', 'luisninni@gmail.com', '7fc0c2b2430cbef664e44bf6cc9e5e48a0d387d7', 1, 'administrador', '2011-07-25 21:40:10', '2011-07-25 21:47:05', 10, 0),
(15, 12, 'Owen Peredo', 'claisaveri@gmail.com', '41bf7fe3d9f7dc1369862ac182647d5eb7f81562', 1, 'cliente', '2011-07-26 07:55:42', '2011-07-26 07:55:42', 0, 0),
(74, 73, 'sysdecom', 'owenperedo@gmail.com', 'ad96fc0a225f07e469e848e75e000b815a614b9e', 1, 'administrador', '2011-08-01 13:18:13', '2011-08-01 13:18:13', 10, 0),
(71, 70, 'edwar perez g', 'edwarperezg@gmail.com', 'ad96fc0a225f07e469e848e75e000b815a614b9e', 1, 'administrador', '2011-08-01 12:57:36', '2011-08-02 08:45:24', 9, 2),
(20, 20, 'GONZALO EUGENIO', 'goneugenio@yahoo.com.ar', '61890e2a1489d889da428a9e97615104ac5165d0', 1, 'administrador', '2011-07-27 14:17:36', '2011-07-27 14:22:05', 10, 0);

/*!40101 SET CHARACTER_SET_CLIENT=@OLD_CHARACTER_SET_CLIENT */;
/*!40101 SET CHARACTER_SET_RESULTS=@OLD_CHARACTER_SET_RESULTS */;
/*!40101 SET COLLATION_CONNECTION=@OLD_COLLATION_CONNECTION */;
